ID,Month,Name,Age,Occupation,Annual_Income,Monthly_Inhand_Salary,Num_Bank_Accounts,Num_Credit_Card,Interest_Rate,Num_of_Loan,Delay_from_due_date,Num_of_Delayed_Payment,Num_Credit_Inquiries,Outstanding_Debt,Credit_Utilization_Ratio,Payment_of_Min_Amount,Total_EMI_per_month,Amount_invested_monthly,Payment_Behaviour,Monthly_Balance,Credit_Score
0x1602,1,Aaron Maashoh,23,1,19114.12,1824.8433333333328,3,4,3,4,3,7,4.0,809.98,26.822619623699016,0,49.57494921489417,80.41529543900253,High_spent_Small_value_payments,312.49408867943663,2
0x1603,2,Aaron Maashoh,23,1,19114.12,1824.8433333333328,3,4,3,4,0,,4.0,809.98,31.94496005538421,0,49.57494921489417,118.28022162236736,Low_spent_Large_value_payments,284.62916249607184,2
0x1604,3,Aaron Maashoh,23,1,19114.12,1824.8433333333328,3,4,3,4,3,7,4.0,809.98,28.60935202206993,0,49.57494921489417,81.699521264648,Low_spent_Medium_value_payments,331.2098628537912,2
0x1605,4,Aaron Maashoh,23,1,19114.12,1824.8433333333328,3,4,3,4,5,4,4.0,809.98,31.377861869582354,0,49.57494921489417,199.4580743910713,Low_spent_Small_value_payments,223.45130972736786,2
0x1606,5,Aaron Maashoh,23,1,19114.12,1824.8433333333328,3,4,3,4,6,,4.0,809.98,24.797346908844986,0,49.57494921489417,41.420153086217326,High_spent_Medium_value_payments,341.48923103222177,2
0x1607,6,Aaron Maashoh,23,1,19114.12,1824.8433333333328,3,4,3,4,8,4,4.0,809.98,27.26225871052017,0,49.57494921489417,62.430172331195294,High_spent_Medium_value_payments,340.4792117872438,2
0x1608,7,Aaron Maashoh,23,1,19114.12,1824.8433333333328,3,4,3,4,3,8,4.0,809.98,22.53759303178384,0,49.57494921489417,178.3440674122349,Low_spent_Small_value_payments,244.5653167062043,2
0x1609,8,Aaron Maashoh,23,1,19114.12,1824.8433333333328,3,4,3,4,3,6,4.0,809.98,23.93379480196552,0,49.57494921489417,24.785216509052056,High_spent_Medium_value_payments,358.12416760938714,1
0x160f,2,Rick Rothackerj,28,2,34847.84,3037.986666666666,2,4,6,1,7,1,2.0,605.03,38.550848433956325,0,18.816214573128885,40.39123782853101,High_spent_Large_value_payments,484.5912142650067,2
0x1610,3,Rick Rothackerj,28,2,34847.84,3037.986666666666,2,4,6,1,3,0,2.0,605.03,33.22495078663659,0,18.816214573128885,58.51597569589465,High_spent_Large_value_payments,466.46647639764313,1
0x1611,4,Rick Rothackerj,28,2,34847.84,3037.986666666666,2,4,6,1,3,3,2.0,605.03,39.18265565546884,0,18.816214573128885,99.30622796053305,Low_spent_Medium_value_payments,465.6762241330048,2
0x1612,5,Rick Rothackerj,28,2,34847.84,3037.986666666666,2,4,6,1,3,1,2.0,605.03,34.97789474709241,0,18.816214573128885,130.11542024292334,Low_spent_Small_value_payments,444.8670318506144,2
0x1613,6,Rick Rothackerj,28,2,34847.84,3037.986666666666,2,4,6,1,3,0,2.0,605.03,33.38101020065065,0,18.816214573128885,43.477190144355745,High_spent_Large_value_payments,481.505261949182,2
0x1614,7,Rick Rothackerj,28,2,34847.84,3037.986666666666,2,4,6,1,3,4,2.0,605.03,31.131701611553307,99,18.816214573128885,70.10177420755677,High_spent_Medium_value_payments,464.8806778859809,2
0x1615,8,Rick Rothackerj,28,2,34847.84,3037.986666666666,2,4,6,1,3,4,2.0,605.03,32.933856293622235,0,18.816214573128885,218.90434353388733,Low_spent_Small_value_payments,356.07810855965045,2
0x161a,1,Langep,34,3,143162.64,12187.22,1,5,8,3,5,8,3.0,1303.01,28.616734823006844,0,246.9923194537421,168.413702679309,Low_spent_Small_value_payments,1043.3159778669492,2
0x161b,2,Langep,34,3,143162.64,12187.22,1,5,8,3,13,6,3.0,1303.01,41.70257342393906,0,246.9923194537421,232.86038375993544,High_spent_Small_value_payments,998.8692967863226,2
0x161d,4,Langep,34,3,143162.64,12187.22,1,5,8,3,8,5,3.0,1303.01,39.50164810812735,0,246.9923194537421,825.2162699393922,Low_spent_Medium_value_payments,426.5134106068658,2
0x161e,5,Langep,34,3,143162.64,12187.22,1,5,8,3,10,5,3.0,1303.01,31.37614957421204,0,246.9923194537421,430.9475278803298,Low_spent_Large_value_payments,810.7821526659284,2
0x161f,6,Langep,34,3,143162.64,12187.22,1,5,8,3,8,6,3.0,1303.01,39.783993458021186,0,246.9923194537421,257.80809942568976,High_spent_Medium_value_payments,963.9215811205684,2
0x1620,7,Langep,34,3,143162.64,12187.22,1,5,8,3,8,6,3.0,1303.01,38.068623627698585,0,246.9923194537421,263.17416316163934,High_spent_Small_value_payments,968.5555173846187,1
0x1626,1,Jasond,54,4,30689.89,2612.4908333333333,2,5,4,1,0,6,4.0,632.46,26.54422872407309,0,16.415451659824875,81.22885871073616,Low_spent_Large_value_payments,433.6047729627723,1
0x1627,2,Jasond,54,4,30689.89,2612.4908333333333,2,5,4,1,5,3,4.0,632.46,35.279981779008544,0,16.415451659824875,124.88181990234848,Low_spent_Small_value_payments,409.95181177115995,1
0x1628,3,Jasond,55,4,30689.89,2612.4908333333333,2,5,4,1,3,9,4.0,632.46,32.30116343180253,99,16.415451659824875,83.40650880252501,High_spent_Medium_value_payments,411.42712287098345,1
0x1629,4,Jasond,55,4,30689.89,2612.4908333333333,2,5,4,1,7,6,4.0,632.46,38.132348192570056,0,16.415451659824875,272.3340373956682,Low_spent_Small_value_payments,262.4995942778403,1
0x162b,6,Jasond,55,4,30689.89,2612.4908333333333,2,5,4,1,5,6,4.0,632.46,27.4454217928553,0,16.415451659824875,84.95284817115969,High_spent_Small_value_payments,419.8807835023488,1
0x162c,7,Jasond,55,4,30689.89,2612.4908333333333,2,5,4,1,5,,4.0,632.46,26.05639527857161,0,16.415451659824875,71.28367488286933,Low_spent_Large_value_payments,443.5499567906391,1
0x162d,8,Jasond,55,4,30689.89,2612.4908333333333,2,5,4,1,4,9,4.0,632.46,27.332514927554218,0,16.415451659824875,125.61725053231268,High_spent_Small_value_payments,379.21638114119577,1
0x1632,1,Deepaa,21,5,35547.71,2853.3091666666664,7,5,5,0,5,,4.0,943.86,39.797764231999174,1,0.0,276.72539431736266,High_spent_Medium_value_payments,288.60552234930395,1
0x1633,2,Deepaa,21,5,35547.71,2853.3091666666664,7,5,5,0,9,,4.0,943.86,27.02036025389693,99,0.0,74.44364104999623,High_spent_Medium_value_payments,460.88727561667037,1
0x1634,3,Deepaa,21,5,35547.71,2853.3091666666664,7,5,5,0,5,12,4.0,943.86,23.462303036448013,1,0.0,173.13865100158367,Low_spent_Medium_value_payments,392.1922656650829,1
0x1635,4,Deepaa,21,5,35547.71,2853.3091666666664,7,5,5,0,1,15,4.0,943.86,28.924953778098622,1,0.0,96.78548508587444,High_spent_Medium_value_payments,438.5454315807922,1
0x1636,5,Deepaa,21,5,35547.71,2853.3091666666664,7,5,5,0,9,17,4.0,943.86,41.77618715055719,1,0.0,62.72327834435009,High_spent_Small_value_payments,482.6076383223166,1
0x1637,6,Deepaa,21,5,35547.71,2853.3091666666664,7,5,5,0,5,15,4.0,943.86,29.217556326688413,1,0.0,37.64363788963997,High_spent_Medium_value_payments,497.6872787770267,1
0x1638,7,Deepaa,21,5,35547.71,2853.3091666666664,7,5,5,0,10,15,4.0,943.86,26.263822692130155,1,0.0,181.0119827315892,Low_spent_Small_value_payments,394.31893393507744,1
0x1639,8,Deepaa,21,5,35547.71,2853.3091666666664,7,5,5,0,1,15,4.0,943.86,25.86292247432155,1,0.0,181.33090096186916,High_spent_Small_value_payments,364.00001570479753,1
0x163e,1,Np,31,6,73928.46,5988.705000000001,4,5,8,0,12,10,2.0,548.2,39.96268501363903,0,15015.0,98.67440994166124,High_spent_Large_value_payments,740.1960900583389,2
0x163f,2,Np,31,6,73928.46,5988.705000000001,4,5,8,0,8,7,2.0,548.2,42.76986440325711,99,0.0,172.93921446875606,Low_spent_Medium_value_payments,705.931285531244,2
0x1640,3,Np,31,6,73928.46,5988.705000000001,4,5,8,0,8,7,2.0,548.2,40.712186529929596,0,0.0,150.05973429800815,High_spent_Medium_value_payments,698.8107657019921,2
0x1641,4,Np,31,6,73928.46,5988.705000000001,4,5,8,0,8,7,2.0,548.2,30.201657705809275,0,0.0,618.2023912505837,Low_spent_Small_value_payments,270.66810874941655,2
0x1642,5,Np,31,6,73928.46,5988.705000000001,4,5,8,0,11,7,2.0,548.2,26.333310426871012,0,0.0,177.95183568608738,Low_spent_Large_value_payments,690.9186643139128,2
0x1643,6,Np,31,6,73928.46,5988.705000000001,4,5,8,0,7,7,2.0,548.2,35.2754365244368,0,15515.0,235.79032503182026,Low_spent_Large_value_payments,633.0801749681799,2
0x1644,7,Np,31,6,73928.46,5988.705000000001,4,5,8,0,8,4,2.0,548.2,36.624791261837636,0,0.0,348.5093995125948,High_spent_Small_value_payments,510.36110048740534,1
0x1645,8,Np,31,6,73928.46,5988.705000000001,4,5,8,0,8,7,0.0,548.2,31.58098966831768,0,0.0,42.63559025189578,High_spent_Small_value_payments,796.2349097481042,2
0x164a,1,Nadiaq,33,6,131313.4,11242.783333333333,0,1,8,2,0,3,2.0,352.16,32.200508995391914,99,137.6446054014217,378.1712535207537,High_spent_Medium_value_payments,858.462474411158,2
0x164b,2,Nadiaq,34,6,131313.4,11242.783333333333,0,1,8,2,0,2,4.0,352.16,31.98371000755867,0,137.6446054014217,698.8732707169384,High_spent_Small_value_payments,547.7604572149734,2
0x164c,3,Nadiaq,34,6,131313.4,10469.207759388815,0,1,8,2,0,3,4.0,352.16,31.803134495092273,99,911.2201793459374,188.06432109973838,High_spent_Large_value_payments,1038.5694068321734,2
0x164d,4,Nadiaq,34,6,131313.4,10469.207759388815,0,1,8,2,0,2,4.0,352.16,42.64578489930634,0,23834.0,337.43495631738324,High_spent_Medium_value_payments,899.1987716145285,2
0x164e,5,Nadiaq,34,6,131313.4,10469.207759388815,0,1,8,2,0,4,4.0,352.16,40.902517150451615,0,32662.0,263.3789089320552,High_spent_Large_value_payments,963.2548189998564,2
0x164f,6,Nadiaq,34,6,131313.4,10469.207759388815,0,1,8,2,0,3,4.0,352.16,41.98016961054943,0,911.2201793459374,86.56638801207531,High_spent_Large_value_payments,1140.0673399198365,1
0x1650,7,Nadiaq,34,6,10909427.0,10469.207759388815,0,1,8,2,0,2,4.0,352.16,26.947565152239882,0,911.2201793459374,930.3918977796665,High_spent_Large_value_payments,326.24183015224526,2
0x1651,8,Nadiaq,34,6,131313.4,10469.207759388815,0,1,8,2,0,2,4.0,352.16,29.187912654166695,0,911.2201793459374,870.52238171816,Low_spent_Medium_value_payments,396.1113462137519,2
0x1656,1,Annk,30,7,34081.38,2611115.00,8,7,15,3,30,11,5.0,1704.18,24.448062746255477,99,70.47833267207261,162.4410091967751,Low_spent_Large_value_payments,298.19215813115227,0
0x1657,2,Annk,30,7,34081.38,2611115.00,8,7,15,3,30,14,5.0,1704.18,35.171160021263034,1,70.47833267207261,38.4369827577036,High_spent_Large_value_payments,392.19618457022375,0
0x1658,3,Annk,30,7,34081.38,2611115.00,8,7,15,3,31,14,5.0,1704.18,35.11155247196594,1,70.47833267207261,199.7207654954979,Low_spent_Large_value_payments,260.9124018324295,0
0x1659,4,Annk,30,7,34081.38,2611115.00,8,7,15,3,34,14,5.0,1704.18,29.76215930632113,1,70.47833267207261,220.55219192916718,Low_spent_Small_value_payments,260.0809753987602,0
0x165a,5,Annk,30,7,34081.38,2611115.00,8,7,15,3,27,14,5.0,1704.18,30.206214222610893,1,70.47833267207261,0.0,High_spent_Large_value_payments,397.2283547370202,1
0x165b,6,Annk,30,7,34081.38,2611115.00,8,7,15,3,30,14,5.0,1704.18,31.17087232096111,1,70.47833267207261,0.0,High_spent_Large_value_payments,410.6743660782873,1
0x165c,7,Annk,30,7,34081.38,2611115.00,8,7,15,3,30,11,5.0,1704.18,38.438505084064886,99,70.47833267207261,55.45978063925893,High_spent_Small_value_payments,395.17338668866836,1
0x165d,8,Annk,30,7,34081.38,2611115.00,8,7,15,3,30,14,9.0,1704.18,33.82348834412097,1,70.47833267207261,29.32636371091455,High_spent_Medium_value_payments,411.3068036170128,0
0x1662,1,Charlie Zhur,23,8,114838.41,9843.8675,2,5,7,3,13,11,3.0,1377.74,33.66455429077268,0,226.89279192154316,215.19351594560425,High_spent_Small_value_payments,802.3004421328528,2
0x1663,2,Charlie Zhur,23,8,114838.41,9843.8675,2,5,7,3,14,8,3.0,1377.74,27.626325486769638,99,226.89279192154316,212.23560220847847,High_spent_Large_value_payments,785.2583558699787,2
0x1664,3,Charlie Zhur,23,8,114838.41,9843.8675,2,5,7,3,11,11,3.0,1377.74,35.14156730186042,99,226.89279192154316,470.3857956796373,High_spent_Small_value_payments,547.1081623988198,2
0x1665,4,Charlie Zhur,23,8,114838.41,9843.8675,2,5,7,3,11,14,8.0,1377.74,30.4590318418306,0,226.89279192154316,225.08204945419,High_spent_Small_value_payments,772.411908624267,2
0x1666,5,Charlie Zhur,23,8,114838.41,9843.8675,2,5,7,3,11,11,8.0,1377.74,29.819186633421047,0,226.89279192154316,649.8093641841638,High_spent_Small_value_payments,367.6845938942932,1
0x1667,6,Charlie Zhur,24,8,114838.41,9843.8675,2,5,7,3,13,14,8.0,1377.74,26.114213868949623,99,226.89279192154316,546.3805705230692,High_spent_Small_value_payments,491.11338755538793,2
0x1668,7,Charlie Zhur,24,8,114838.41,9843.8675,2,5,7,3,11,,8.0,1377.74,31.76751564697107,0,226.89279192154316,215.4682977385688,High_spent_Medium_value_payments,792.0256603398883,2
0x1669,8,Charlie Zhur,24,8,114838.41,9843.8675,2,5,7,3,11,11,8.0,1377.74,27.813353640375272,0,226.89279192154316,254.57176724837916,High_spent_Large_value_payments,742.9221908300779,1
0x166e,1,Jamesj,44,9,31370.8,2825.233333333333,0,5,12,2,4,0,2.0,421.43,29.51935255713933,99,46.616129073342066,154.352781097101,High_spent_Small_value_payments,341.55442316289026,2
0x166f,2,Jamesj,44,9,31370.8,2825.233333333333,1,6,12,2,2,0,2.0,421.43,28.22048095698559,0,46.616129073342066,298.7444693112266,Low_spent_Small_value_payments,227.1627349487646,2
0x1670,3,Jamesj,44,9,31370.8,2825.233333333333,1,6,12,2,0,0,5.0,421.43,31.04641790511995,0,46.616129073342066,140.8206959818371,Low_spent_Medium_value_payments,375.0865082781542,2
0x1671,4,Jamesj,44,9,31370.8,2825.233333333333,1,6,12,2,1,0,5.0,421.43,30.168030403669402,0,46.616129073342066,233.6055264233428,Low_spent_Small_value_payments,292.3016778366485,2
0x1672,5,Jamesj,44,9,31370.8,2825.233333333333,1,6,12,2,1,0,5.0,421.43,25.18923173183331,0,16415.0,184.70057162057685,Low_spent_Small_value_payments,341.20663263941435,2
0x1673,6,Jamesj,44,9,31370.8,2825.233333333333,1,6,12,2,1,0,5.0,421.43,25.502468550245663,0,46.616129073342066,137.71742489512621,Low_spent_Medium_value_payments,378.18977936486505,2
0x1674,7,Jamesj,45,9,31370.8,2825.233333333333,1,6,12,2,0,2,5.0,421.43,22.762202172732568,0,46.616129073342066,188.3949004901688,Low_spent_Small_value_payments,337.51230376982244,2
0x1675,8,Jamesj,45,9,31370.8,2825.233333333333,1,6,12,2,0,2,5.0,421.43,37.56505276771999,0,46.616129073342066,252.6448271968889,Low_spent_Small_value_payments,273.2623770631024,2
0x167a,1,Saphirj,40,2,33751.27,2948.605833333333,5,5,20,3,16,20,4.0,1328.93,37.08907564543987,99,65.00817428651536,117.30669710658556,High_spent_Medium_value_payments,362.54571194023237,1
0x167b,2,Saphirj,40,2,33751.27,2948.605833333333,5,5,20,3,16,20,4.0,1328.93,30.908080633467584,1,65.00817428651536,70.13107792087979,High_spent_Large_value_payments,399.7213311259382,1
0x167c,3,Saphirj,40,2,33751.27,2948.605833333333,5,5,20,3,16,20,8.0,1328.93,38.03072168039317,1,65.00817428651536,270.18258222151513,Low_spent_Large_value_payments,229.6698268253028,1
0x167d,4,Saphirj,40,2,33751.27,2948.605833333333,5,5,20,3,17,22,8.0,1328.93,23.40441277698757,1,65.00817428651536,25.192561910314712,High_spent_Large_value_payments,444.65984713650323,1
0x167e,5,Saphirj,40,2,33751.27,2948.605833333333,5,5,20,3,16,20,8.0,1328.93,29.073758182245705,1,65.00817428651536,243.32968479530567,Low_spent_Small_value_payments,276.5227242515123,1
0x167f,6,Saphirj,40,2,33751.27,2948.605833333333,5,5,20,3,16,20,8.0,1328.93,32.78263672653516,1,65.00817428651536,72.86008181289458,High_spent_Medium_value_payments,406.9923272339233,1
0x1680,7,Saphirj,40,2,33751.27,2948.605833333333,5,5,20,3,16,20,8.0,1328.93,35.58400504980836,1,65.00817428651536,35.427169541683696,High_spent_Medium_value_payments,444.4252395051343,1
0x1681,8,Saphirj,41,2,33751.27,2948.605833333333,5,5,20,3,16,17,8.0,1328.93,31.13948358493632,1,65.00817428651536,25.969611914778515,High_spent_Large_value_payments,443.88279713203934,1
0x1686,1,Soyoungd,32,3,88640.24,7266.686666666667,3,6,1,2,0,0,3.0,950.36,28.210617211444603,0,135.17337097171767,98.93176402067013,High_spent_Large_value_payments,732.563531674279,1
0x1687,2,Soyoungd,33,3,88640.24,7266.686666666667,3,6,1,2,4,2,3.0,950.36,41.036168282350594,99,135.17337097171767,157.174788304235,High_spent_Large_value_payments,674.3205073907143,2
0x1688,3,Soyoungd,33,3,88640.24,7266.686666666667,3,6,1,2,4,0,3.0,950.36,34.670194379227716,0,135.17337097171767,298.1889114624804,High_spent_Medium_value_payments,543.3063842324688,1
0x1689,4,Soyoungd,33,3,88640.24,7266.686666666667,3,6,1,2,4,2,3.0,950.36,31.828535574846637,0,135.17337097171767,0.0,Low_spent_Small_value_payments,86.63611982901625,1
0x168a,5,Soyoungd,33,3,88640.24,7266.686666666667,3,6,1,2,4,2,3.0,950.36,34.702836927947075,0,135.17337097171767,279.61862207772435,High_spent_Medium_value_payments,561.8766736172248,2
0x168b,6,Soyoungd,33,3,88640.24,7266.686666666667,3,6,1,2,4,0,3.0,950.36,38.32363895436978,0,135.17337097171767,686.1262165951837,Low_spent_Small_value_payments,195.36907909976551,2
0x168c,7,Soyoungd,33,3,88640.24,7266.686666666667,3,6,1,2,4,2,3.0,950.36,25.979172803961486,0,80357.0,164.0748218779106,High_spent_Large_value_payments,667.4204738170387,2
0x168d,8,Soyoungd,33,3,88640.24,7266.686666666667,3,6,1,2,0,,3.0,950.36,30.87079911079545,0,135.17337097171767,98.44195128223792,High_spent_Large_value_payments,733.0533444127112,2
0x1692,1,Harriet McLeodd,35,4,54392.16,4766.68,6,4,14,3,10,8,3.0,179.22,25.649246067243414,1,124.39208242092043,243.73543739209438,Low_spent_Large_value_payments,378.54048018698535,1
0x1693,2,Harriet McLeodd,35,4,54392.16,4766.68,6,4,14,3,10,10,3.0,179.22,29.40877527612245,1,124.39208242092043,142.75186411942676,High_spent_Medium_value_payments,459.52405345965286,1
0x1694,3,Harriet McLeodd,35,4,54392.16,4766.68,6,4,14,3,15,11,3.0,179.22,31.25892846912917,99,124.39208242092043,33.349568589344514,High_spent_Large_value_payments,558.9263489897351,1
0x1695,4,Harriet McLeodd,35,4,54392.16,4766.68,6,4,14,3,10,7,3.0,179.22,27.192587405326012,1,124.39208242092043,494.8422277056662,Low_spent_Small_value_payments,147.43368987341347,1
0x1696,5,Harriet McLeodd,35,4,54392.16,4766.68,6,4,14,3,10,8,3.0,179.22,34.59532445612005,1,124.39208242092043,233.1184454152274,Low_spent_Small_value_payments,409.15747216385233,1
0x1697,6,Harriet McLeodd,35,4,54392.16,4766.68,6,4,14,3,10,8,3.0,179.22,23.195025404792624,1,124.39208242092043,635.1465605054178,Low_spent_Small_value_payments,7.129357073661937,1
0x1698,7,Harriet McLeodd,36,4,54392.16,4766.68,6,4,14,3,10,8,7.0,179.22,35.112531991297786,1,124.39208242092043,158.11240346721374,Low_spent_Large_value_payments,464.1635141118658,1
0x1699,8,Harriet McLeodd,36,4,54392.16,4766.68,6,4,14,3,10,8,7.0,179.22,32.8788050668308,1,124.39208242092043,495.1178978821161,Low_spent_Small_value_payments,147.15801969696355,1
0x169e,1,Sinead Carews,39,10,8701545.00,519.12875,6,5,32,7,23,9,6.0,2602.69,24.523163853918167,1,36.54819717138717,13.066209919444336,Low_spent_Large_value_payments,272.2984679091685,0
0x169f,2,Sinead Carews,39,10,8701545.00,519.12875,6,5,32,7,23,9,6.0,2602.69,39.90251759709182,1,36.54819717138717,34.71516393565097,Low_spent_Large_value_payments,250.64951389296183,0
0x16a0,3,Sinead Carews,39,10,8701545.00,519.12875,6,5,32,7,23,,6.0,2602.69,36.47591386327275,99,36.54819717138717,45.6509755447516,Low_spent_Large_value_payments,239.71370228386124,0
0x16a1,4,Sinead Carews,39,10,8701545.00,519.12875,6,5,32,7,22,7,6.0,2602.69,32.09749227865355,1,36.54819717138717,20.390183876957128,Low_spent_Small_value_payments,284.9744939516557,0
0x16a2,5,Sinead Carews,39,10,8701545.00,519.12875,6,5,32,7,22,9,6.0,2602.69,37.169374491816356,1,36.54819717138717,50.486952198712274,Low_spent_Small_value_payments,254.87772562990054,0
0x16a3,6,Sinead Carews,39,10,8701545.00,519.12875,6,5,32,7,23,6,6.0,2602.69,28.570031407996353,1,36.54819717138717,52.931613407134115,Low_spent_Medium_value_payments,242.43306442147872,0
0x16a4,7,Sinead Carews,39,10,8701545.00,519.12875,6,5,32,7,21,9,9.0,2602.69,38.46541540543407,1,36.54819717138717,30.471806299271933,Low_spent_Medium_value_payments,264.8928715293409,0
0x16a5,8,Sinead Carews,39,10,8701545.00,519.12875,6,5,32,7,23,9,9.0,2602.69,28.815537059010616,99,36.54819717138717,0.0,Low_spent_Small_value_payments,264.7720511316515,0
0x16aa,1,Poornimaf,36,4,25546.26,2415855.00,8,7,14,5,16,14,5.0,758.44,37.41820916883601,99,101.3286373638512,53.104599112612064,High_spent_Medium_value_payments,337.1522635235368,1
0x16ab,2,Poornimaf,36,4,25546.26,2415855.00,8,7,14,5,16,13,0.0,758.44,29.711375540929513,1,101.3286373638512,300.32323168069064,Low_spent_Small_value_payments,129.9336309554582,1
0x16ac,3,Poornimaf,37,4,25546.26,2415855.00,8,7,14,5,16,10,5.0,758.44,25.413616742350907,1,101.3286373638512,91.21658676189335,Low_spent_Large_value_payments,319.0402758742555,1
0x16ad,4,Poornimaf,37,4,25546.26,2415855.00,8,7,14,5,16,10,0.0,758.44,35.946278218900645,1,101.3286373638512,83.7147504914459,High_spent_Medium_value_payments,306.54211214470297,1
0x16ae,5,Poornimaf,37,4,25546.26,2415855.00,8,7,14,5,16,13,5.0,758.44,28.2774200145778,1,101.3286373638512,311.99934746655674,Low_spent_Small_value_payments,118.2575151695921,1
0x16af,6,Poornimaf,37,4,25546.26,2415855.00,8,7,14,5,16,10,5.0,758.44,34.58659948959524,1,101.3286373638512,61.7307484719951,High_spent_Small_value_payments,338.52611416415374,1
0x16b0,7,Poornimaf,37,4,25546.26,2415855.00,8,7,14,5,16,14,5.0,758.44,30.099067241911712,1,101.3286373638512,130.30039377019006,Low_spent_Small_value_payments,299.9564688659588,1
0x16b1,8,Poornimaf,37,4,25546.26,2415855.00,8,7,14,5,15,13,5.0,758.44,39.33348789822524,1,101.3286373638512,189.81586133347676,Low_spent_Medium_value_payments,230.44100130267208,1
0x16b6,1,Chalmersa,30,1,31993.78,2942.148333333333,6,6,7,2,8,14,0.0,818.22,25.36959679239191,1,45.14129822463578,81.99883505710139,Low_spent_Medium_value_payments,447.0747000515962,1
0x16b8,3,Chalmersa,30,1,31993.78,2942.148333333333,6,6,7,2,8,14,1.0,818.22,27.38010904580052,1,45.14129822463578,264.25708850339777,Low_spent_Small_value_payments,274.8164466052998,1
0x16b9,4,Chalmersa,30,1,31993.78,2942.148333333333,6,6,7,2,8,14,1.0,818.22,34.15826211876792,1,45.14129822463578,152.4523258823164,Low_spent_Medium_value_payments,376.6212092263812,1
0x16ba,5,Chalmersa,30,1,31993.78,2942.148333333333,6,6,7,2,8,14,1.0,818.22,30.788038803709785,1,45.14129822463578,43.470408666891174,High_spent_Medium_value_payments,455.6031264418064,1
0x16bb,6,Chalmersa,31,1,31993.78,2942.148333333333,6,6,7,2,8,14,1.0,818.22,34.280968719435315,1,45.14129822463578,112.7238874320964,High_spent_Small_value_payments,396.3496476766012,1
0x16bc,7,Chalmersa,31,1,31993.78,2942.148333333333,6,6,7,2,8,16,1.0,818.22,29.503454266447754,1,45.14129822463578,104.55723619082673,High_spent_Small_value_payments,404.5162989178708,1
0x16bd,8,Chalmersa,31,1,31993.78,2942.148333333333,6,6,7,2,8,16,1.0,818.22,36.012793772472094,1,45.14129822463578,97.58820324481087,Low_spent_Large_value_payments,421.4853318638867,1
0x16c2,1,Parkm,20,11,92047.08,7591.59,6,7,16,0,16,11,0.0,1296.64,37.11561494309292,1,0.0,154.6341231395093,Low_spent_Medium_value_payments,854.5248768604907,1
0x16c3,2,Parkm,20,11,92047.08,7591.59,6,7,16,0,16,11,4.0,1296.64,39.46775837121139,1,0.0,710.4953806729873,Low_spent_Medium_value_payments,328.66361932701284,1
0x16c4,3,Parkm,20,11,92047.08,7591.59,6,7,16,0,18,11,4.0,1296.64,27.792788363714145,1,0.0,175.4456226582996,High_spent_Large_value_payments,823.7133773417005,1
0x16c5,4,Parkm,20,11,92047.08,7591.59,6,7,16,0,16,11,4.0,1296.64,42.944681681740505,1,0.0,120.90755376622221,High_spent_Large_value_payments,878.2514462337779,0
0x16c6,5,Parkm,20,11,92047.08,7591.59,6,7,16,0,16,8,4.0,1296.64,34.3576502428514,99,0.0,78.71934549426288,High_spent_Large_value_payments,920.4396545057373,0
0x16c7,6,Parkm,20,11,92047.08,7591.59,6,7,16,0,16,13,4.0,1296.64,28.776937743887977,1,0.0,266.5850272142179,Low_spent_Small_value_payments,782.5739727857823,0
0x16c8,7,Parkm,20,11,92047.08,7591.59,6,7,16,0,16,10,4.0,1296.64,40.75852163733138,1,0.0,59.28557022863863,High_spent_Large_value_payments,939.8734297713614,0
0x16c9,8,Parkm,20,11,92047.08,7591.59,6,7,16,0,16,11,4.0,1296.64,27.727646781775498,1,0.0,268.0846032992916,Low_spent_Large_value_payments,761.0743967007086,0
0x16ce,1,Patrickg,45,2,32284.62,2898385.00,6,7,17,6,11,12,8.0,1283.37,28.940892588545452,1,103.03756035536594,254.86161508896942,Low_spent_Medium_value_payments,211.93932455566463,1
0x16cf,2,Patrickg,46,2,32284.62,2898385.00,6,7,17,6,11,12,8.0,1283.37,27.861310193113642,1,103.03756035536594,103.21030741657007,Low_spent_Large_value_payments,353.59063222806395,1
0x16d0,3,Patrickg,46,2,32284.62,2898385.00,6,7,17,6,10,12,8.0,1283.37,27.88169704475605,1,103.03756035536594,35.793568414159616,High_spent_Large_value_payments,391.00737123047446,1
0x16d1,4,Patrickg,46,2,32284.62,2898385.00,6,7,17,6,11,12,8.0,1283.37,38.39455822201335,1,103.03756035536594,280.21825375922106,Low_spent_Small_value_payments,196.582685885413,1
0x16d2,5,Patrickg,46,2,32284.62,2898385.00,6,7,17,6,15,,10.0,1283.37,33.23978443489355,1,103.03756035536594,154.0197492180297,High_spent_Small_value_payments,292.7811904266044,1
0x16d3,6,Patrickg,46,2,32284.62,2898385.00,6,7,17,6,11,12,10.0,1283.37,26.874467413543886,1,103.03756035536594,272.2735499123763,Low_spent_Small_value_payments,204.52738973225772,1
0x16d5,8,Patrickg,46,2,32284.62,2898385.00,6,7,17,6,13,12,10.0,1283.37,27.930123710625228,1,103.03756035536594,359.7718322852988,Low_spent_Small_value_payments,117.02910735933534,1
0x16da,1,Laurence Frosty,26,12,97791.42,8079285.00,6,6,12,0,18,8,1.0,107.41,25.71557884311532,1,0.0,451.24651936958776,Low_spent_Small_value_payments,646.6819806304122,1
0x16db,2,Laurence Frosty,26,12,97791.42,8079285.00,6,6,12,0,18,8,1.0,107.41,28.711202517052943,1,0.0,322.7203197056673,Low_spent_Large_value_payments,755.2081802943327,1
0x16dc,3,Laurence Frosty,26,12,97791.42,8079285.00,6,6,12,0,18,7,1.0,107.41,34.92287233220604,1,0.0,176.26422577485542,High_spent_Medium_value_payments,881.6642742251445,1
0x16dd,4,Laurence Frosty,26,12,97791.42,8079285.00,6,6,12,0,19,8,1.0,107.41,26.51363149248924,1,629.8156531464217,499.24501998175833,Low_spent_Medium_value_payments,588.6834800182418,2
0x16de,5,Laurence Frosty,26,12,97791.42,7449.469346853578,6,6,12,0,18,,1.0,107.41,38.64911430691306,1,629.8156531464217,77.60922833984066,High_spent_Large_value_payments,970.3192716601593,2
0x16df,6,Laurence Frosty,26,12,97791.42,7449.469346853578,6,6,12,0,16,8,1.0,107.41,44.676888593962104,1,629.8156531464217,108.30393861997324,High_spent_Large_value_payments,939.6245613800266,2
0x16e0,7,Laurence Frosty,26,12,97791.42,7449.469346853578,6,6,12,0,18,8,1.0,107.41,28.807349824215013,1,629.8156531464217,743.540801271909,High_spent_Medium_value_payments,334.38769872809104,1
0x16e1,8,Laurence Frosty,26,12,97791.42,7449.469346853578,6,6,12,0,18,8,1.0,107.41,33.89444259920451,1,629.8156531464217,110.31820362533672,High_spent_Medium_value_payments,947.6102963746632,2
0x16e6,1,Reema,31,4,19300.34,1512.361666666667,6,7,17,5,52,,7.0,2430.21,29.934185732751413,1,49.57206224445275,79.17641583265376,Low_spent_Small_value_payments,312.48768858956015,0
0x16e7,2,Reema,31,4,19300.34,1512.361666666667,6,7,17,5,51,18,7.0,2430.21,36.6412035787929,99,49.57206224445275,55.29821298839304,High_spent_Small_value_payments,306.3658914338209,0
0x16e8,3,Reema,31,4,19300.34,1512.361666666667,6,7,17,5,48,19,7.0,2430.21,37.62486247304565,1,49.57206224445275,140.81859591726788,Low_spent_Large_value_payments,230.84550850494603,0
0x16e9,4,Reema,31,4,19300.34,1512.361666666667,6,7,17,5,51,19,7.0,2430.21,28.870386917234462,1,49.57206224445275,61.428029874778424,High_spent_Small_value_payments,300.23607454743546,1
0x16ea,5,Reema,32,4,19300.34,1512.361666666667,6,7,17,5,51,19,7.0,2430.21,28.05884596384257,1,49.57206224445275,173.0425507765921,Low_spent_Small_value_payments,218.62155364562184,0
0x16eb,6,Reema,32,4,19300.34,1512.361666666667,6,7,17,5,51,17,8.0,2430.21,25.84779062032988,1,49.57206224445275,83.44744882880191,Low_spent_Large_value_payments,288.21665559341204,0
0x16ec,7,Reema,32,4,19300.34,1512.361666666667,6,7,17,5,51,19,8.0,2430.21,25.84314493873217,1,56566.0,120.9754898578697,Low_spent_Large_value_payments,250.68861456434425,0
0x16ed,8,Reema,32,4,19300.34,1512.361666666667,6,7,17,5,53,19,8.0,2430.21,23.70919322410504,1,49.57206224445275,118.1855506983746,Low_spent_Medium_value_payments,263.4785537238393,1
0x16f2,1,Mark Felsenthald,41,12,19514.88,1828.24,7,5,17,0,30,12,2.0,881.4,26.084542750932684,99,0.0,50.14372713919671,High_spent_Medium_value_payments,382.6802728608033,1
0x16f4,3,Mark Felsenthald,41,12,19514.88,1828.24,7,5,17,0,30,12,2.0,881.4,33.66946005394869,0,0.0,43.315824459505386,High_spent_Medium_value_payments,389.5081755404946,1
0x16f5,4,Mark Felsenthald,41,12,19514.88,1828.24,7,5,17,0,30,12,2.0,881.4,34.503707241298585,0,0.0,45.388820313894996,High_spent_Medium_value_payments,387.43517968610496,0
0x16f6,5,Mark Felsenthald,41,12,19514.88,1828.24,7,5,17,0,30,,2.0,881.4,41.17638419789344,0,0.0,168.34146287619103,Low_spent_Small_value_payments,304.48253712380904,0
0x16f7,6,Mark Felsenthald,41,12,19514.88,1828.24,7,5,17,0,30,12,2.0,881.4,38.78807246113495,0,0.0,151.3776397937309,Low_spent_Small_value_payments,321.4463602062691,0
0x16f8,7,Mark Felsenthald,41,12,19514.88,1828.24,7,5,17,0,30,15,2.0,881.4,27.182482771287628,0,0.0,184.63115997411617,Low_spent_Medium_value_payments,278.1928400258838,0
0x16f9,8,Mark Felsenthald,41,12,19514.88,1828.24,7,5,17,0,26,11,4.0,881.4,28.781887776659712,0,0.0,99.1415414879628,High_spent_Small_value_payments,343.6824585120372,0
0x16fe,1,Lee Chyenz,41,7,10183015.00,1074.5845833333333,7,5,17,5,48,,6.0,1672.43,25.951272885300533,1,37.58807283812568,14.622739235117402,High_spent_Large_value_payments,295.2476462600903,0
0x16ff,2,Lee Chyenz,41,7,10183015.00,1074.5845833333333,7,5,17,5,48,18,6.0,1672.43,32.38559762083814,99,37.58807283812568,92.36195001929579,Low_spent_Small_value_payments,267.5084354759118,0
0x1700,3,Lee Chyenz,41,7,10183015.00,1074.5845833333333,7,5,17,5,48,23,6.0,1672.43,23.731347914755407,1,37.58807283812568,91.88397193610828,Low_spent_Small_value_payments,267.9864135590994,0
0x1701,4,Lee Chyenz,41,7,10183015.00,1074.5845833333333,7,5,17,5,43,20,6.0,1672.43,27.61417777754393,1,37.58807283812568,46.8104157513052,High_spent_Small_value_payments,283.0599697439025,1
0x1702,5,Lee Chyenz,41,7,10183015.00,1074.5845833333333,7,5,17,5,51,,6.0,1672.43,32.29348991062007,1,37.58807283812568,65.83126164076859,High_spent_Small_value_payments,294.03912385443914,0
0x1703,6,Lee Chyenz,42,7,10183015.00,1074.5845833333333,7,5,17,5,48,24,1050.0,1672.43,25.105402554318484,1,37.58807283812568,73.89986104079846,Low_spent_Small_value_payments,285.9705244544092,0
0x1704,7,Lee Chyenz,42,7,10183015.00,1074.5845833333333,7,5,17,5,52,21,6.0,1672.43,24.713823993258373,1,37.58807283812568,61.863727578026115,Low_spent_Small_value_payments,298.00665791718154,0
0x1705,8,Lee Chyenz,42,7,10183015.00,1074.5845833333333,7,5,17,5,48,21,6.0,1672.43,36.83702882243363,1,37.58807283812568,71.12274735436063,Low_spent_Small_value_payments,288.747638140847,0
0x170a,1,Nickb,19,4,106733.13,8873.4275,4,4,1,0,10,8,0.0,76.23,29.815895626895166,0,0.0,388.36035366098815,Low_spent_Large_value_payments,768.9823963390119,2
0x170b,2,Nickb,20,4,106733.13,8873.4275,4,4,1,0,5,7,0.0,76.23,28.108086289939237,0,0.0,807.2067768357648,Low_spent_Small_value_payments,370.1359731642354,2
0x170c,3,Nickb,20,4,106733.13,8873.4275,4,4,1,0,2,6,0.0,76.23,42.070458602150005,0,0.0,172.03282853259896,High_spent_Large_value_payments,955.3099214674013,2
0x170d,4,Nickb,20,4,106733.13,8873.4275,4,4,1,0,5,7,0.0,76.23,25.84254793986021,0,0.0,644.2873937406405,Low_spent_Large_value_payments,513.0553562593595,2
0x170e,5,Nickb,20,4,106733.13,8873.4275,4,4,1,0,5,6,0.0,76.23,28.8205537792444,0,0.0,345.60913541068396,High_spent_Medium_value_payments,791.733614589316,2
0x170f,6,Nickb,20,4,106733.13,8873.4275,4,4,1,0,5,6,0.0,76.23,31.72760359530652,0,0.0,0.0,High_spent_Medium_value_payments,913.0316546874346,1
0x1710,7,Nickb,20,4,106733.13,8873.4275,4,4,1,0,9,4,1.0,76.23,43.6651184057441,0,0.0,191.03537260177933,High_spent_Large_value_payments,936.3073773982209,1
0x1711,8,Nickb,20,4,106733.13,8873.4275,4,4,1,0,7,6,1.0,76.23,39.24363977621796,0,0.0,384.7637247797149,High_spent_Large_value_payments,792.5790252202852,1
0x1716,1,McBrideq,31,6,12600445.00,782.0370833333334,5,5,10,3,28,19,7.0,569.8,33.07588356651339,1,26.060347529205966,0.0,High_spent_Large_value_payments,284.2982044805207,1
0x1717,2,McBrideq,31,6,12600445.00,782.0370833333334,5,5,10,3,25,18,7.0,569.8,38.15374125597254,1,26.060347529205966,103.15861791443639,Low_spent_Small_value_payments,238.98474288969098,1
0x1718,3,McBrideq,31,6,12600445.00,782.0370833333334,5,5,10,3,25,16,7.0,569.8,23.17983273627976,1,26.060347529205966,32.02630794260436,Low_spent_Small_value_payments,310.117052861523,1
0x1719,4,McBrideq,32,6,12600445.00,782.0370833333334,5,5,10,3,25,18,0.0,569.8,28.819407058304,1,33746.0,31.14919791081519,Low_spent_Medium_value_payments,300.9941628933122,0
0x171a,5,McBrideq,32,6,12600445.00,782.0370833333334,5,5,10,3,20,19,7.0,569.8,37.24021434251173,1,26.060347529205966,41.0826367012432,Low_spent_Small_value_payments,301.0607241028842,0
0x171b,6,McBrideq,32,6,12600445.00,782.0370833333334,5,5,10,3,25,19,7.0,569.8,36.52748004014412,1,26.060347529205966,48.00806665619237,Low_spent_Small_value_payments,294.135294147935,0
0x171c,7,McBrideq,32,6,12600445.00,782.0370833333334,5,5,10,3,25,20,7.0,569.8,34.125305925956305,1,26.060347529205966,56.908895859705574,Low_spent_Medium_value_payments,275.2344649444218,0
0x171d,8,McBrideq,32,6,12600445.00,782.0370833333334,5,5,10,3,25,19,11.0,569.8,31.978873515820702,1,26.060347529205966,66.37358000122424,Low_spent_Small_value_payments,275.76978080290314,0
0x1722,1,Rickt,34,13,57983.12,4720.926666666667,9,8,31,8,47,19,12.0,3532.83,32.321769461626175,1,200.43261339470683,265.70621194860047,Low_spent_Small_value_payments,295.95384132335937,0
0x1723,2,Rickt,34,13,57983.12,4720.926666666667,9,8,31,8,53,21,1044.0,3532.83,37.87364186839308,1,200.43261339470683,193.87337542933238,High_spent_Medium_value_payments,327.78667784262745,1
0x1724,3,Rickt,34,13,57983.12,4720.926666666667,9,8,31,8,48,,17.0,3532.83,37.81024308787287,1,200.43261339470683,534.3581783879267,Low_spent_Small_value_payments,27.301874884033168,0
0x1725,4,Rickt,34,13,57983.12,4720.926666666667,9,8,31,8,48,22,17.0,3532.83,32.56739683731984,1,200.43261339470683,197.64049552810002,High_spent_Medium_value_payments,324.0195577438599,0
0x1726,5,Rickt,34,13,57983.12,4720.926666666667,9,8,31,8,48,21,17.0,3532.83,37.28428974024728,1,200.43261339470683,205.25015227427863,Low_spent_Small_value_payments,356.4099009976813,0
0x1728,7,Rickt,34,13,57983.12,4720.926666666667,9,8,31,8,49,21,1936.0,3532.83,24.63149693005803,1,200.43261339470683,234.73204010983818,Low_spent_Medium_value_payments,316.9280131621217,1
0x1729,8,Rickt,34,13,57983.12,4720.926666666667,9,8,31,8,48,24,0.0,3532.83,24.726351303352534,1,200.43261339470683,159.13672195005464,High_spent_Medium_value_payments,362.5233313219053,0
0x172f,2,Reijik,48,4,20787.69,1999.3075,8,6,14,3,24,,3.0,614.6,34.235852681958825,0,42.22199265643221,82.62718037237505,Low_spent_Large_value_payments,345.0815769711927,1
0x1730,3,Reijik,48,4,20787.69,1999.3075,8,6,14,3,22,,3.0,614.6,22.80214523254044,0,42.22199265643221,110.17209563183977,Low_spent_Small_value_payments,337.53666171172796,1
0x1731,4,Reijik,48,4,20787.69,1999.3075,8,6,14,3,22,12,3.0,614.6,37.06719824335469,0,42.22199265643221,89.87484896281485,Low_spent_Large_value_payments,337.83390838075286,1
0x1732,5,Reijik,48,4,20787.69,1999.3075,8,6,14,3,22,14,3.0,614.6,29.339029437569323,0,42.22199265643221,155.4609440434731,Low_spent_Small_value_payments,292.24781330009466,1
0x1733,6,Reijik,48,4,20787.69,1999.3075,8,6,14,3,22,14,3.0,614.6,30.4424252235854,0,42.22199265643221,28.63736093576957,High_spent_Large_value_payments,369.07139640779815,1
0x1734,7,Reijik,48,4,20787.69,1999.3075,8,6,14,3,23,14,3.0,614.6,26.11024341981501,0,42.22199265643221,258.21517380152807,Low_spent_Small_value_payments,189.4935835420397,1
0x1735,8,Reijik,48,4,20787.69,1999.3075,8,6,14,3,22,14,3.0,614.6,35.344187616472155,0,42.22199265643221,21.745531229318935,High_spent_Large_value_payments,375.96322611424887,1
0x173a,1,Ashleyk,30,14,34290.12,2697.51,9,8,25,7,52,10,9.0,2686.81,39.28029558815228,99,185.1119825795006,248.06995733765262,Low_spent_Large_value_payments,106.56906008284685,0
0x173c,3,Ashleyk,30,14,34290.12,2697.51,9,8,25,7,52,6,9.0,2686.81,29.01885042597808,1,185.1119825795006,60.589536090880564,High_spent_Medium_value_payments,274.0494813296189,1
0x173d,4,Ashleyk,30,14,34290.12,2697.51,9,8,25,7,52,7,9.0,2686.81,36.16398913486826,99,185.1119825795006,99.47477403683122,Low_spent_Large_value_payments,255.16424338366826,0
0x173e,5,Ashleyk,30,14,34290.12,2697.51,9,8,25,7,52,12,9.0,2686.81,33.841866041473175,1,185.1119825795006,330.071842181316,Low_spent_Small_value_payments,44.56717523918351,0
0x173f,6,Ashleyk,30,14,34290.12,2697.51,9,8,25,7,52,12,9.0,2686.81,24.222554856393266,1,185.1119825795006,108.94691107774382,High_spent_Medium_value_payments,225.6921063427557,0
0x1740,7,Ashleyk,30,14,34290.12,2697.51,9,8,25,7,52,12,13.0,2686.81,35.11893274172206,1,185.1119825795006,224.09320407033417,High_spent_Small_value_payments,150.5458133501653,1
0x1741,8,Ashleyk,30,14,34290.12,2697.51,9,8,25,7,52,9,13.0,2686.81,36.82064895309465,1,185.1119825795006,94.91721648288956,High_spent_Small_value_payments,249.72180093760986,0
0x1746,1,Williamso,32,11,43070.24,3622.186666666666,3,3,18,1,11,8,4.0,1233.1,27.980700663802914,1,30.57608482316153,397.00224891024857,Low_spent_Small_value_payments,224.64033293325656,1
0x1747,2,Williamso,32,11,43070.24,3622.186666666666,3,3,18,1,13,8,4.0,1233.1,28.071291859962397,1,30.57608482316153,443.9186741720723,Low_spent_Small_value_payments,177.7239076714328,1
0x1748,3,Williamso,32,11,43070.24,3622.186666666666,3,3,18,1,15,8,4.0,1233.1,28.361166154311103,1,30.57608482316153,50.50914885496671,High_spent_Large_value_payments,521.1334329885384,1
0x1749,4,Williamso,32,11,43070.24,3622.186666666666,3,3,18,1,11,8,4.0,1233.1,24.331771760144264,1,30.57608482316153,74.92037487328841,High_spent_Medium_value_payments,506.7222069702167,1
0x174a,5,Williamso,32,11,43070.24,3622.186666666666,3,3,18,1,10,8,8.0,1233.1,26.44753733068293,1,30.57608482316153,178.09535842702488,Low_spent_Large_value_payments,423.54722341648034,1
0x174b,6,Williamso,32,11,43070.24,3622.186666666666,3,3,18,1,8,8,8.0,1233.1,39.069843987300096,1,30.57608482316153,41.33398006254758,High_spent_Large_value_payments,530.3086017809576,1
0x174c,7,Williamso,32,11,43070.24,3622.186666666666,3,3,18,1,11,8,8.0,1233.1,34.718643637980016,1,30.57608482316153,108.62344689023183,Low_spent_Large_value_payments,493.0191349532733,1
0x174d,8,Williamso,32,11,43070.24,2210.0325,3,3,18,1,11,8,8.0,1233.1,26.365699545206407,1,30.57608482316153,403.5168088509092,Low_spent_Large_value_payments,218.125772992596,1
0x1752,1,Dhanya Skariachano,40,15,28572.39,2210.0325,6,3,15,3,25,12,0.0,400.07,24.422250680362033,1,69.60292048199007,42.85050714738581,High_spent_Large_value_payments,348.54982237062416,1
0x1753,2,Dhanya Skariachano,40,15,28572.39,2210.0325,6,3,15,3,25,9,0.0,400.07,36.43787041541562,99,69.60292048199007,83.0442090106474,High_spent_Large_value_payments,358.3561205073625,1
0x1754,3,Dhanya Skariachano,40,15,28572.39,2210.0325,6,3,15,3,28,10,0.0,400.07,29.323516897407607,1,69.60292048199007,53.484203285005805,High_spent_Medium_value_payments,347.91612623300415,1
0x1755,4,Dhanya Skariachano,40,15,28572.39,2210.0325,6,3,15,3,25,14,0.0,400.07,34.71456103712383,1,69.60292048199007,25.99346229581731,High_spent_Medium_value_payments,375.4068672221926,1
0x1756,5,Dhanya Skariachano,40,15,28572.39,2210.0325,6,3,15,3,25,12,2.0,400.07,37.504552377805204,1,69.60292048199007,61.628109134830005,High_spent_Medium_value_payments,339.77222038318,1
0x1757,6,Dhanya Skariachano,40,15,28572.39,2210.0325,6,3,15,3,25,11,2.0,400.07,35.693949403024156,1,69.60292048199007,129.264834657262,Low_spent_Small_value_payments,312.13549486074794,1
0x1758,7,Dhanya Skariachano,40,15,28572.39,2210.0325,6,3,15,3,25,13,2.0,400.07,35.025882785272486,1,69.60292048199007,76.60780889167367,Low_spent_Small_value_payments,364.7925206263362,1
0x1759,8,Dhanya Skariachano,40,15,6515990.0,2210.0325,6,3,15,3,25,12,2.0,400.07,23.177617480044173,1,69.60292048199007,51.83085897154975,High_spent_Large_value_payments,339.5694705464602,1
0x175e,1,Sarahb,37,10,39641.54,3007.461666666666,10,8,25,6,61,13,6.0,2258.73,34.12570493442336,1,172.38252735862687,246.91502516402176,Low_spent_Large_value_payments,151.44861414401805,0
0x175f,2,Sarahb,37,10,39641.54,3007.461666666666,10,8,25,6,61,16,8.0,2258.73,33.414598040847395,99,172.38252735862687,236.0775818986983,Low_spent_Large_value_payments,162.28605740934154,0
0x1760,3,Sarahb,37,10,39641.54,3007.461666666666,10,8,25,6,61,15,568.0,2258.73,27.572862899949165,1,172.38252735862687,198.0421234022212,High_spent_Small_value_payments,190.3215159058186,0
0x1761,4,Sarahb,37,10,39641.54,3007.461666666666,10,8,25,6,61,16,8.0,2258.73,32.4134467979176,1,172.38252735862687,254.0211199377709,Low_spent_Small_value_payments,164.3425193702689,0
0x1762,5,Sarahb,37,10,39641.54,3007.461666666666,10,8,25,6,61,16,8.0,2258.73,25.98322951266487,1,172.38252735862687,254.26037253709117,Low_spent_Small_value_payments,154.1032667709486,1
0x1763,6,Sarahb,37,10,39641.54,3007.461666666666,10,8,25,6,61,16,8.0,2258.73,27.91283759274986,1,172.38252735862687,122.14845102419844,Low_spent_Small_value_payments,296.21518828384137,0
0x1764,7,Sarahb,37,10,39641.54,3007.461666666666,10,8,25,6,61,14,8.0,2258.73,23.196508529545326,1,172.38252735862687,160.67254450139754,Low_spent_Large_value_payments,237.6910948066423,0
0x1765,8,Sarahb,38,10,39641.54,3007.461666666666,10,8,25,6,61,13,8.0,2258.73,34.84904970443735,1,172.38252735862687,149.26780615872963,Low_spent_Large_value_payments,249.09583314931018,0
0x176a,1,Mukhopadhyayc,54,1,20186.02,1684.168333333333,1,5,1,2,5,6,4.0,413.32,35.94290748551229,0,29.534583720496048,74.21434055467658,Low_spent_Large_value_payments,334.6679090581607,2
0x176b,2,Mukhopadhyayc,54,1,20186.02,1684.168333333333,1,5,1,2,5,6,0.0,413.32,32.93734625620886,99,14130.0,42.6191420708265,High_spent_Large_value_payments,336.2631075420108,1
0x176c,3,Mukhopadhyayc,55,1,20186.02,1684.168333333333,1,5,1,2,4,3,4.0,413.32,31.861736271923107,0,29.534583720496048,26.290476621438273,High_spent_Medium_value_payments,362.591772991399,2
0x176d,4,Mukhopadhyayc,55,1,20186.02,1684.168333333333,1,5,1,2,5,6,4.0,413.32,22.743582104279646,0,29.534583720496048,104.72383354456407,High_spent_Small_value_payments,294.1584160682732,2
0x176e,5,Mukhopadhyayc,55,1,20186.02,1684.168333333333,1,5,1,2,5,7,4.0,413.32,39.06398122380784,0,29.534583720496048,138.80315747514354,Low_spent_Large_value_payments,270.0790921376937,1
0x176f,6,Mukhopadhyayc,55,1,586359.0,1684.168333333333,1,5,1,2,5,7,4.0,413.32,28.836349156043873,0,29.534583720496048,68.95672493704708,High_spent_Medium_value_payments,319.9255246757902,2
0x1770,7,Mukhopadhyayc,55,1,20186.02,1684.168333333333,1,5,1,2,5,6,4.0,413.32,36.058697021094275,0,5994.0,121.7654262603496,Low_spent_Small_value_payments,307.1168233524877,1
0x1771,8,Mukhopadhyayc,55,1,20186.02,1684.168333333333,1,5,1,2,5,6,4.0,413.32,33.75820397193409,0,29.534583720496048,153.53879644098146,Low_spent_Medium_value_payments,265.3434531718558,1
0x1776,1,Ayeshaz,43,12,18627.64,1387.303333333333,7,7,19,6,31,21,7.0,1793.54,38.9796611529839,99,65.13948777561222,48.43998334767114,High_spent_Medium_value_payments,275.15086221005004,0
0x1777,2,Ayeshaz,43,12,18627.64,1387.303333333333,7,7,19,6,31,21,7.0,1793.54,35.030349081579885,1,65.13948777561222,53.83325980744012,Low_spent_Medium_value_payments,299.757585750281,0
0x1778,3,Ayeshaz,43,12,18627.64,1387.303333333333,7,7,19,6,31,21,7.0,1793.54,27.19720883392748,1,31551.0,105.14914955564508,Low_spent_Small_value_payments,258.441696002076,0
0x1779,4,Ayeshaz,43,12,18627.64,1387.303333333333,7,7,19,6,31,22,7.0,1793.54,35.91940492740646,1,65.13948777561222,75.79138890495672,Low_spent_Medium_value_payments,277.7994566527644,1
0x177a,5,Ayeshaz,43,12,18627.64,1387.303333333333,7,7,19,6,31,3318,7.0,1793.54,25.585205200232163,1,65.13948777561222,24.34618840548105,High_spent_Large_value_payments,289.24465715224005,0
0x177b,6,Ayeshaz,43,12,18627.64,1387.303333333333,7,7,19,6,31,21,7.0,1793.54,35.706437003014834,1,65.13948777561222,109.59203229477613,Low_spent_Medium_value_payments,243.998813262945,0
0x177c,7,Ayeshaz,43,12,18627.64,1387.303333333333,7,7,19,6,26,21,7.0,1793.54,23.245481545534325,1,65.13948777561222,104.22797957897026,Low_spent_Small_value_payments,259.36286597875085,0
0x177d,8,Ayeshaz,44,12,18627.64,1387.303333333333,7,7,19,6,31,18,7.0,1793.54,38.78895428776155,1,65.13948777561222,98.80418973887456,Low_spent_Small_value_payments,264.78665581884655,0
0x1782,1,Lisa Baertleinu,21,3,12986745.00,959.22875,4,3,10,2,30,14,5.0,1489.49,26.329268870437282,1,16.719300227776053,16.286719355483015,High_spent_Medium_value_payments,312.91685541674093,1
0x1783,2,Lisa Baertleinu,21,3,12986745.00,959.22875,4,3,10,2,29,17,7.0,1489.49,24.61461029221816,1,16.719300227776053,44.193003447546566,Low_spent_Medium_value_payments,315.0105713246774,1
0x1784,3,Lisa Baertleinu,21,3,12986745.00,959.22875,4,3,10,2,30,20,7.0,1489.49,26.15307797968565,1,16.719300227776053,47.266680510662326,Low_spent_Medium_value_payments,311.93689426156163,1
0x1785,4,Lisa Baertleinu,21,3,12986745.00,959.22875,4,3,10,2,30,15,7.0,1489.49,31.78179827243648,1,16.719300227776053,76.3552778113165,Low_spent_Large_value_payments,272.84829696090753,1
0x1786,5,Lisa Baertleinu,22,3,12986745.00,959.22875,4,3,10,2,30,18,7.0,1489.49,37.661505448797726,1,16.719300227776053,72.34651350481404,Low_spent_Small_value_payments,296.85706126740985,1
0x1787,6,Lisa Baertleinu,22,3,12986745.00,959.22875,4,3,10,2,30,17,7.0,1489.49,26.50747449505761,1,16.719300227776053,111.25763046793648,Low_spent_Small_value_payments,257.9459443042875,1
0x1788,7,Lisa Baertleinu,22,3,12986745.00,959.22875,4,3,10,2,28,20,7.0,1489.49,30.469981621915608,1,16.719300227776053,46.74959035828726,Low_spent_Small_value_payments,322.45398441393667,1
0x1789,8,Lisa Baertleinu,22,3,12986745.00,959.22875,4,3,10,2,28,17,7.0,1489.49,32.25544266260322,1,16.719300227776053,91.82948180540613,Low_spent_Small_value_payments,277.37409296681784,1
0x178e,1,Carlosj,43,14,58317.0,4664.75,8,5,9,6,18,17,6.0,98.97,40.4111148274711,1,149.89719942100822,109.48894961827229,High_spent_Medium_value_payments,467.0888509607195,1
0x178f,2,Carlosj,43,14,58317.0,4664.75,8,5,9,6,18,20,6.0,98.97,27.806917787306933,1,149.89719942100822,83.30040818642512,High_spent_Medium_value_payments,483.2773923925665,1
0x1790,3,Carlosj,44,14,58317.0,4664.75,8,5,9,6,16,20,6.0,98.97,25.83210889641537,1,149.89719942100822,57.95122336180115,High_spent_Large_value_payments,498.6265772171906,1
0x1791,4,Carlosj,44,14,58317.0,4664.75,8,5,9,6,18,23,10.0,98.97,29.766106857365408,1,149.89719942100822,158.64827595455043,High_spent_Medium_value_payments,407.9295246244412,1
0x1792,5,Carlosj,44,14,58317.0,4664.75,8,5,9,6,18,20,0.0,98.97,34.192304393976734,1,149.89719942100822,180.83057335204728,Low_spent_Medium_value_payments,415.7472272269445,1
0x1793,6,Carlosj,44,14,58317.0,4664.75,8,5,9,6,18,,10.0,98.97,24.665525197204822,1,149.89719942100822,98.88050778293751,High_spent_Medium_value_payments,467.6972927960543,1
0x1794,7,Carlosj,44,14,58317.0,4664.75,8,5,9,6,18,20,10.0,98.97,28.260146747054986,1,149.89719942100822,380.5857010101063,Low_spent_Medium_value_payments,215.9920995688854,1
0x1795,8,Carlosj,44,14,58317.0,4664.75,8,5,9,6,22,,10.0,98.97,36.76366452604633,1,149.89719942100822,59.955987495996,High_spent_Medium_value_payments,506.62181308299586,1
0x179a,1,Andreas Cremerf,36,1,42171.98,3764.331666666667,2,7,10,3,4,10,4.0,556.91,33.47895196844123,0,102.76291311709039,56.711376692459666,High_spent_Medium_value_payments,466.95887685711665,1
0x179b,2,Andreas Cremerf,36,1,42171.98,3764.331666666667,2,7,10,3,4,8,4.0,556.91,26.986114755563673,0,102.76291311709039,136.98300144734569,Low_spent_Small_value_payments,426.6872521022305,1
0x179c,3,Andreas Cremerf,37,1,42171.98,3764.331666666667,2,7,10,3,4,,4.0,556.91,40.150582768507526,99,102.76291311709039,97.5667563136885,Low_spent_Small_value_payments,446.1034972358877,1
0x179d,4,Andreas Cremerf,37,1,42171.98,3764.331666666667,2,7,10,3,2,10,4.0,556.91,34.42998587408374,0,102.76291311709039,255.76582841793282,Low_spent_Large_value_payments,287.9044251316435,2
0x179e,5,Andreas Cremerf,37,1,42171.98,3764.331666666667,2,7,10,3,4,10,4.0,556.91,31.745213385009905,0,102.76291311709039,150.3131869839959,High_spent_Small_value_payments,373.3570665655803,2
0x179f,6,Andreas Cremerf,37,1,42171.98,3764.331666666667,2,7,10,3,2,10,4.0,556.91,29.46412057567319,99,102.76291311709039,82.51039863115369,High_spent_Small_value_payments,451.15985491842264,2
0x17a0,7,Andreas Cremerf,37,1,42171.98,3764.331666666667,2,7,10,3,4,10,4.0,556.91,38.69215906784695,0,102.76291311709039,82.5798021342212,High_spent_Large_value_payments,431.0904514153552,2
0x17a1,8,Andreas Cremerf,37,1,42171.98,3764.331666666667,2,7,10,3,4,10,4.0,556.91,35.96285294028673,0,102.76291311709039,145.39924253815036,High_spent_Medium_value_payments,378.27101101142586,1
0x17a6,1,Bri,36,10,71681.4,5799.45,3,7,15,1,7,8,0.0,1293.02,40.339024289653345,1,53.92351397165268,301.2920819088937,Low_spent_Small_value_payments,514.7294041194536,1
0x17a7,2,Bri,36,10,71681.4,5799.45,3,6,15,1,8,6,0.0,1293.02,29.682953869716002,1,53.92351397165268,137.33114262036042,High_spent_Medium_value_payments,638.6903434079869,1
0x17a8,3,Bri,36,10,71681.4,5799.45,3,6,15,1,8,10,0.0,1293.02,29.371396475591713,1,53.92351397165268,253.31972193677208,Low_spent_Small_value_payments,562.7017640915751,1
0x17a9,4,Bri,36,10,71681.4,5799.45,3,6,15,1,4,8,0.0,1293.02,33.041498963387184,1,53.92351397165268,120.89014204533736,High_spent_Large_value_payments,645.13134398301,2
0x17ab,6,Bri,36,10,71681.4,5799.45,3,6,15,1,5,6,0.0,1293.02,34.983562067394985,1,53.92351397165268,414.896549383656,Low_spent_Medium_value_payments,391.1249366446912,2
0x17ac,7,Bri,36,10,71681.4,5799.45,3,6,15,1,8,10,0.0,1293.02,32.733732776648026,1,53.92351397165268,0.0,High_spent_Large_value_payments,642.6718243437651,2
0x17ad,8,Bri,36,10,71681.4,5799.45,3,6,15,1,8,8,0.0,1293.02,38.23451377496931,99,53.92351397165268,295.81189599421316,Low_spent_Medium_value_payments,510.20959003413424,2
0x17b2,1,ra Alperx,16,13,29469.98,2227.8316666666665,7,7,24,5,53,21,11.0,3421.66,24.63965802618602,1,69.68545857227979,59.825596124675045,High_spent_Small_value_payments,363.27211196971183,1
0x17b3,2,ra Alperx,16,13,29469.98,2227.8316666666665,7,7,24,5,50,18,0.0,3421.66,30.26841052887284,99,69.68545857227979,125.49176826031132,High_spent_Small_value_payments,287.6059398340756,1
0x17b4,3,ra Alperx,16,13,29469.98,2227.8316666666665,7,7,24,5,53,24,11.0,3421.66,31.212268791470517,1,69.68545857227979,32.70665182089997,High_spent_Large_value_payments,360.39105627348687,1
0x17b5,4,ra Alperx,16,13,29469.98,2227.8316666666665,7,7,24,5,53,21,11.0,3421.66,33.298654305420385,1,69.68545857227979,27.250794632521444,High_spent_Medium_value_payments,375.84691346186537,0
0x17b6,5,ra Alperx,16,13,29469.98,2227.8316666666665,7,7,24,5,53,21,11.0,3421.66,38.177310964520885,1,69.68545857227979,71.26438577406131,Low_spent_Medium_value_payments,361.83332232032564,0
0x17b7,6,ra Alperx,16,13,29469.98,2227.8316666666665,7,7,24,5,53,21,11.0,3421.66,30.986998144545613,1,69.68545857227979,117.31031613952459,Low_spent_Small_value_payments,325.7873919548623,0
0x17b8,7,ra Alperx,16,13,29469.98,2227.8316666666665,7,7,24,5,58,24,11.0,3421.66,33.283061301535405,1,69.68545857227979,115.45341572596944,Low_spent_Small_value_payments,327.64429236841744,0
0x17b9,8,ra Alperx,16,13,29469.98,2227.8316666666665,7,7,24,5,53,21,11.0,3421.66,32.96295024281038,1,69.68545857227979,24.066131449353737,High_spent_Medium_value_payments,379.0315766450331,0
0x17be,1,Matt Falloonz,19,3,72559.36,6284.613333333334,4,5,17,4,14,21,1.0,1173.7,23.282135114409623,0,215.83917063897172,565.7433852667033,Low_spent_Large_value_payments,116.87877742765828,1
0x17bf,2,Matt Falloonz,19,3,72559.36,6284.613333333334,4,5,17,4,14,22,1.0,1173.7,38.35585257476065,0,215.83917063897172,205.72098995441291,High_spent_Medium_value_payments,456.90117273994866,1
0x17c0,3,Matt Falloonz,20,3,72559.36,6284.613333333334,4,5,17,4,18,22,1.0,1173.7,25.560099272529627,99,215.83917063897172,370.46997417803266,Low_spent_Medium_value_payments,322.152188516329,1
0x17c1,4,Matt Falloonz,20,3,72559.36,6284.613333333334,4,5,17,4,14,18,1.0,1173.7,36.63682650700103,0,215.83917063897172,298.6987124670099,Low_spent_Medium_value_payments,393.92345022735185,1
0x17c2,5,Matt Falloonz,20,3,72559.36,6284.613333333334,4,5,17,4,14,21,1.0,1173.7,32.833577838001574,0,215.83917063897172,117.31025890075192,High_spent_Large_value_payments,535.3119037936099,1
0x17c3,6,Matt Falloonz,20,3,72559.36,6284.613333333334,4,5,17,4,16,19,1.0,1173.7,38.08037974384717,0,215.83917063897172,172.9621775288686,High_spent_Medium_value_payments,489.6599851654931,1
0x17c4,7,Matt Falloonz,20,3,72559.36,6284.613333333334,4,5,17,4,14,19,1.0,1173.7,33.16506303288241,0,215.83917063897172,82.49686626015253,High_spent_Medium_value_payments,580.1252964342092,1
0x17c5,8,Matt Falloonz,20,3,72559.36,6284.613333333334,4,5,17,4,15,19,5.0,1173.7,38.17098242520041,0,215.83917063897172,105.71787307774441,High_spent_Medium_value_payments,556.9042896166172,1
0x17ca,1,Lawrencea,36,12,15566.02,1423.168333333333,8,5,32,4,16,1338,7.0,1693.95,37.40993371585021,1,43.07051960231588,65.9865855206332,Low_spent_Small_value_payments,323.25972821038425,0
0x17cb,2,Lawrencea,36,12,15566.02,1423.168333333333,8,5,32,4,17,20,7.0,1693.95,24.251028181031927,1,43.07051960231588,169.62098009559793,Low_spent_Small_value_payments,219.62533363541957,0
0x17cc,3,Lawrencea,37,12,15566.02,1423.168333333333,8,5,32,4,12,19,7.0,1693.95,38.78765214795482,1,43.07051960231588,46.576672797796476,High_spent_Medium_value_payments,302.669640933221,0
0x17cd,4,Lawrencea,37,12,15566.02,1423.168333333333,8,5,32,4,17,20,0.0,1693.95,25.038052402331104,1,62073.0,94.29931654720836,High_spent_Medium_value_payments,294.9469971838091,1
0x17ce,5,Lawrencea,37,12,15566.02,1423.168333333333,8,5,32,4,17,20,9.0,1693.95,23.09179311667229,1,43.07051960231588,188.86611370127875,Low_spent_Small_value_payments,200.38020002973875,0
0x17cf,6,Lawrencea,37,12,15566.02,1423.168333333333,8,5,32,4,13,23,9.0,1693.95,31.33422002336577,1,43.07051960231588,131.61252154380742,Low_spent_Small_value_payments,257.6337921872101,0
0x17d0,7,Lawrencea,37,12,15566.02,1423.168333333333,8,5,32,4,12,17,9.0,1693.95,29.706453768241733,1,43.07051960231588,80.48442010154183,Low_spent_Medium_value_payments,308.76189362947565,0
0x17d1,8,Lawrencea,37,12,15566.02,1423.168333333333,8,5,32,4,17,23,9.0,1693.95,36.572989910187616,1,43.07051960231588,0.0,Low_spent_Medium_value_payments,333.9677311876703,1
0x17d6,1,Emily Flitterl,18,5,66567.32,5800.276666666668,5,7,5,2,7,15,1618.0,233.79,34.45627234127101,0,37602.0,251.6474222267431,Low_spent_Small_value_payments,518.1908835490624,1
0x17d7,2,Emily Flitterl,18,5,66567.32,5800.276666666668,5,7,5,2,7,,0.0,233.79,32.349821867748226,0,100.18936089086122,542.0422096462502,Low_spent_Medium_value_payments,217.79609612955542,1
0x17d9,4,Emily Flitterl,18,5,66567.32,5800.276666666668,5,7,5,2,7,,0.0,233.79,33.293856071059416,0,100.18936089086122,526.9189014313906,Low_spent_Large_value_payments,222.91940434441491,1
0x17da,5,Emily Flitterl,19,5,66567.32,5800.276666666668,5,7,5,2,7,15,0.0,233.79,26.54909964256456,0,100.18936089086122,149.52530495571628,High_spent_Medium_value_payments,580.3130008200893,1
0x17db,6,Emily Flitterl,19,5,66567.32,5800.276666666668,5,7,5,2,7,15,0.0,233.79,28.105704471180978,0,100.18936089086122,66.77787001883797,High_spent_Medium_value_payments,663.0604357569674,1
0x17dc,7,Emily Flitterl,19,5,66567.32,5800.276666666668,5,7,5,2,7,15,0.0,233.79,26.50760976914888,0,100.18936089086122,66.6883582507525,High_spent_Medium_value_payments,663.149947525053,1
0x17dd,8,Emily Flitterl,19,5,66567.32,5800.276666666668,5,7,5,2,7,14,2.0,233.79,28.453785791216827,99,100.18936089086122,82.84422854536191,High_spent_Large_value_payments,636.9940772304436,1
0x17e2,1,Nateg,32,7,12909895.00,853.8245833333333,5,5,13,0,22,14,1.0,602.5,31.35686817783082,0,0.0,20.446680591816467,Low_spent_Large_value_payments,334.93577774151686,1
0x17e3,2,Nateg,32,7,12909895.00,853.8245833333333,5,5,13,0,22,14,1.0,602.5,38.339487558329594,0,0.0,67.1617199501041,Low_spent_Small_value_payments,308.22073838322916,1
0x17e4,3,Nateg,33,7,12909895.00,853.8245833333333,5,5,13,0,20,14,1.0,602.5,32.21809912303338,0,0.0,114.1999514806221,Low_spent_Small_value_payments,261.18250685271124,1
0x17e5,4,Nateg,33,7,12909895.00,853.8245833333333,5,5,13,0,22,15,1.0,602.5,29.427231885574088,99,0.0,110.97422180573075,Low_spent_Small_value_payments,264.4082365276026,1
0x17e6,5,Nateg,33,7,12909895.00,853.8245833333333,5,5,13,0,22,14,1.0,602.5,32.46905789683769,0,0.0,64.5279705435943,Low_spent_Small_value_payments,310.8544877897391,1
0x17e7,6,Nateg,33,7,12909895.00,853.8245833333333,5,5,13,0,17,14,1.0,602.5,35.63389378598965,0,0.0,31.012826650846385,Low_spent_Small_value_payments,334.36963168248695,1
0x17e8,7,Nateg,33,7,12909895.00,853.8245833333333,5,5,13,0,22,16,3.0,602.5,39.804292938731905,0,0.0,51.48954251473581,Low_spent_Small_value_payments,323.89291581859754,1
0x17e9,8,Nateg,33,7,12909895.00,853.8245833333333,5,5,13,0,22,15,3.0,602.5,23.57985071791125,0,0.0,60.052634766462795,Low_spent_Medium_value_payments,305.32982356687063,1
0x17ee,1,Toonkeln,33,11,30788.44,2623.703333333333,7,9,31,6,49,,9.0,3470.08,24.61673534186334,1,114.533020898938,232.13881681232448,Low_spent_Large_value_payments,185.69849562207088,1
0x17ef,2,Toonkeln,33,11,30788.44,2623.703333333333,7,9,31,6,49,20,9.0,3470.08,39.7416997740354,1,114.533020898938,53.6486433406095,High_spent_Medium_value_payments,344.1886690937858,1
0x17f0,3,Toonkeln,33,11,30788.44,2623.703333333333,7,9,31,6,52,22,9.0,3470.08,39.15505442284396,1,114.533020898938,102.34349795606056,Low_spent_Small_value_payments,335.4938144783348,1
0x17f1,4,Toonkeln,33,11,30788.44,2623.703333333333,7,9,31,6,49,20,9.0,3470.08,27.681444225993452,1,114.533020898938,97.31358833860679,Low_spent_Small_value_payments,340.52372409578857,1
0x17f2,5,Toonkeln,33,11,30788.44,2623.703333333333,7,9,31,6,49,20,9.0,3470.08,33.46870758921014,99,114.533020898938,55.92865462580193,High_spent_Large_value_payments,331.90865780859343,1
0x17f3,6,Toonkeln,33,11,30788.44,2623.703333333333,7,9,31,6,45,21,9.0,3470.08,35.457081125135346,1,114.533020898938,72.98412458705273,High_spent_Small_value_payments,334.85318784734267,1
0x17f4,7,Toonkeln,33,11,30788.44,2623.703333333333,7,9,31,6,49,20,9.0,3470.08,27.159810891714944,1,114.533020898938,70.08822093436186,High_spent_Small_value_payments,327.7490915000335,1
0x17f5,8,Toonkeln,33,11,30788.44,2623.703333333333,7,9,31,6,49,20,9.0,3470.08,38.25442229235325,1,114.533020898938,242.53234925147845,High_spent_Small_value_payments,195.30496318291688,1
0x17fa,1,Jaisinghanij,42,15,20574.47,1740.539166666667,6,3,14,4,6,,6.0,749.95,25.82415682115377,99,49.348666321498655,145.90047799348733,Low_spent_Small_value_payments,268.80477235168075,1
0x17fb,2,Jaisinghanij,42,15,20574.47,1740.539166666667,6,3,14,4,6,10,6.0,749.95,37.263233747795475,1,49.348666321498655,0.0,Low_spent_Small_value_payments,309.74074067429456,1
0x17fc,3,Jaisinghanij,42,15,20574.47,1740.539166666667,6,3,14,4,6,10,11.0,749.95,27.208012594711075,1,14982.0,127.24552583717698,High_spent_Medium_value_payments,267.45972450799104,1
0x17fd,4,Jaisinghanij,42,15,20574.47,1740.539166666667,6,3,14,4,6,12,11.0,749.95,36.55953784388107,1,49.348666321498655,25.161404432750263,High_spent_Medium_value_payments,349.54384591241774,1
0x17fe,5,Jaisinghanij,42,15,20574.47,1740.539166666667,6,3,14,4,6,7,11.0,749.95,29.036163648444987,1,49.348666321498655,139.97856227172545,Low_spent_Large_value_payments,254.72668807344257,1
0x17ff,6,Jaisinghanij,42,15,20574.47,1740.539166666667,6,3,14,4,6,10,11.0,749.95,37.55229512400509,1,49.348666321498655,192.3720689532156,Low_spent_Small_value_payments,222.33318139195245,1
0x1800,7,Jaisinghanij,42,15,20574.47,1740.539166666667,6,3,14,4,1,7,11.0,749.95,38.33877418250452,1,49.348666321498655,119.2737917167095,Low_spent_Large_value_payments,275.43145862845853,1
0x1801,8,Jaisinghanij,42,15,20574.47,1740.539166666667,6,3,14,4,6,10,11.0,749.95,28.62902965219592,1,49.348666321498655,0.0,High_spent_Large_value_payments,322.7377425973424,1
0x1806,1,Pomeroyi,21,6,148699.32,12432.61,3,4,5,3,13,8,1.0,949.38,41.687213348432586,0,364.9151774048712,296.1518279313217,High_spent_Large_value_payments,822.1939946638072,2
0x1807,2,Pomeroyi,21,6,148699.32,12432.61,3,4,5,3,13,4,1.0,949.38,28.510774652067795,0,364.9151774048712,237.91838093113248,High_spent_Large_value_payments,880.4274416639964,2
0x1809,4,Pomeroyi,22,6,148699.32,12432.61,3,4,5,3,13,6,1.0,949.38,31.401516359038073,0,364.9151774048712,599.4618328116311,Low_spent_Medium_value_payments,558.8839897834979,2
0x180a,5,Pomeroyi,22,6,148699.32,12432.61,3,4,5,3,10,3,525.0,949.38,34.26155637445099,0,364.9151774048712,264.79842475467024,High_spent_Large_value_payments,853.5473978404586,2
0x180b,6,Pomeroyi,22,6,148699.32,12432.61,3,4,5,3,13,6,1.0,949.38,26.71579704085419,0,364.9151774048712,861.1156691643064,High_spent_Small_value_payments,277.2301534308226,2
0x180c,7,Pomeroyi,22,6,148699.32,12432.61,3,4,5,3,18,6,1.0,949.38,39.77628576926387,0,364.9151774048712,342.81426591925293,High_spent_Medium_value_payments,785.5315566758761,2
0x180d,8,Pomeroyi,22,6,148699.32,12432.61,3,4,5,3,16,8,1.0,949.38,40.605388381855605,0,364.9151774048712,328.9078393799951,High_spent_Medium_value_payments,799.437983215134,2
0x1812,1,Olivia Oranr,19,12,85554.03,7185.5025,4,2,3,0,12,7,3.0,1095.73,33.434371517540995,0,0.0,162.99558622762183,High_spent_Large_value_payments,795.554663772378,2
0x1813,2,Olivia Oranr,19,12,85554.03,7185.5025,4,2,3,0,12,,3.0,1095.73,38.389820031990425,99,0.0,81.57260644250123,High_spent_Medium_value_payments,886.9776435574988,2
0x1814,3,Olivia Oranr,19,12,85554.03,7185.5025,4,2,3,0,12,7,3.0,1095.73,36.62486341899649,0,0.0,128.5248739482009,High_spent_Medium_value_payments,840.0253760517992,2
0x1815,4,Olivia Oranr,19,12,85554.03,7185.5025,4,2,3,0,12,7,3.0,1095.73,31.360244741417908,0,0.0,303.6646866498075,Low_spent_Large_value_payments,684.8855633501927,2
0x1816,5,Olivia Oranr,19,12,85554.03,7185.5025,4,2,3,0,14,,3.0,1095.73,41.66180246621809,0,0.0,70.82263261910934,High_spent_Large_value_payments,887.7276173808908,2
0x1817,6,Olivia Oranr,19,12,85554.03,7185.5025,4,2,3,0,12,7,3.0,1095.73,25.026326020444888,0,0.0,465.4277736563579,Low_spent_Large_value_payments,523.1224763436421,2
0x1818,7,Olivia Oranr,19,12,85554.03,7185.5025,4,2,3,0,12,4,3.0,1095.73,23.916287783227762,0,0.0,0.0,Low_spent_Medium_value_payments,273.6508992743441,2
0x1819,8,Olivia Oranr,20,12,85554.03,7185.5025,4,2,3,0,12,7,3.0,1095.73,41.51328788148247,0,81050.0,78.79818322985322,High_spent_Large_value_payments,879.7520667701468,2
0x181e,1,Rachelle Younglaic,15,4,55829.79,4369.4825,10,10,18,8,30,20,11.0,3422.49,27.070543470468746,1,314.90178526768176,348.79948852088904,Low_spent_Small_value_payments,63.24697621142922,1
0x181f,2,Rachelle Younglaic,15,4,18334118.0,4369.4825,10,10,18,8,30,18,11.0,3422.49,36.72993924037535,1,314.90178526768176,124.54147043620928,High_spent_Small_value_payments,257.50499429610903,1
0x1820,3,Rachelle Younglaic,15,4,55829.79,4369.4825,10,10,18,8,30,19,11.0,3422.49,27.978801736074786,1,314.90178526768176,132.0062494947303,High_spent_Small_value_payments,250.040215237588,1
0x1821,4,Rachelle Younglaic,15,4,55829.79,4369.4825,10,10,18,8,30,18,11.0,3422.49,27.113304020874754,1,314.90178526768176,172.22330996900791,High_spent_Small_value_payments,209.82315476331038,1
0x1822,5,Rachelle Younglaic,16,4,55829.79,4369.4825,10,10,18,8,27,18,11.0,3422.49,38.02568458368197,1,314.90178526768176,182.04655003168392,High_spent_Small_value_payments,199.99991470063443,1
0x1823,6,Rachelle Younglaic,16,4,55829.79,4369.4825,10,10,18,8,31,21,11.0,3422.49,23.346696861415964,1,314.90178526768176,106.90011269109905,High_spent_Large_value_payments,255.1463520412192,1
0x1824,7,Rachelle Younglaic,16,4,55829.79,4369.4825,10,10,18,8,30,15,11.0,3422.49,30.836960208112888,99,314.90178526768176,192.3040599769492,Low_spent_Small_value_payments,219.74240475536902,0
0x1825,8,Rachelle Younglaic,16,4,55829.79,4369.4825,10,10,18,8,30,19,11.0,3422.49,37.865668074107326,1,314.90178526768176,255.72950135688282,Low_spent_Small_value_payments,156.31696337543542,1
0x182a,1,Shupingu,27,15,19717385.0,1057.4358333333332,7,10,33,9,59,,11.0,2797.17,25.314338857654146,1,58.86844083860843,60.55078556335062,High_spent_Small_value_payments,246.32435693137433,1
0x182c,3,Shupingu,27,15,14165.23,1057.4358333333332,7,10,33,9,56,24,11.0,2797.17,33.07759975839418,1,58.86844083860843,124.0568381028943,Low_spent_Small_value_payments,212.8183043918306,0
0x182d,4,Shupingu,27,15,14165.23,1057.4358333333332,7,10,33,9,59,24,11.0,2797.17,31.87826486412917,1,58.86844083860843,95.67488196324194,Low_spent_Small_value_payments,241.20026053148297,1
0x182e,5,Shupingu,27,15,14165.23,1057.4358333333332,7,10,33,9,59,24,11.0,2797.17,27.64251073394816,1,58.86844083860843,105.75675459442276,Low_spent_Medium_value_payments,221.1183879003021,0
0x182f,6,Shupingu,27,15,14165.23,1057.4358333333332,7,10,33,9,55,24,11.0,2797.17,30.732960214272822,1,58.86844083860843,53.85988289381308,Low_spent_Small_value_payments,283.0152596009118,0
0x1830,7,Shupingu,27,15,14165.23,1057.4358333333332,7,10,33,9,59,24,11.0,2797.17,32.4729892967946,1,58.86844083860843,45.62644681511021,Low_spent_Medium_value_payments,281.2486956796147,0
0x1831,8,Shupingu,27,15,14165.23,1057.4358333333332,7,10,33,9,61,26,11.0,2797.17,35.201445477378066,99,58.86844083860843,133.8825777377157,Low_spent_Small_value_payments,202.9925647570092,1
0x1837,2,John ODonnell,30,2,87215.68,7489.973333333332,2,6,8,2,6,6,0.0,680.77,26.786102244586612,0,121.68201673654265,106.95036139439999,High_spent_Large_value_payments,760.3649552023904,1
0x1838,3,John ODonnell,30,2,87215.68,7489.973333333332,2,6,8,2,3,,0.0,680.77,31.308508751147254,0,121.68201673654265,90.98095528937552,High_spent_Large_value_payments,776.3343613074152,2
0x1839,4,John ODonnell,30,2,2709655.0,7489.973333333332,2,6,8,2,2,,0.0,680.77,26.44728155934813,0,121.68201673654265,264.2066739274231,Low_spent_Small_value_payments,653.1086426693676,1
0x183a,5,John ODonnell,30,2,87215.68,7489.973333333332,2,6,8,2,2,5,0.0,680.77,33.96003440020585,0,121.68201673654265,799.3743610756787,Low_spent_Small_value_payments,117.94095552111172,2
0x183b,6,John ODonnell,30,2,87215.68,7489.973333333332,2,6,8,2,6,4,0.0,680.77,28.92882974582685,0,10292.0,173.09436921741766,Low_spent_Small_value_payments,694.2209473793729,2
0x183c,7,John ODonnell,30,2,87215.68,7489.973333333332,2,6,8,2,2,5,0.0,680.77,30.483817218934423,0,121.68201673654265,169.11088560882388,High_spent_Large_value_payments,698.2044309879668,2
0x183d,8,John ODonnell,30,2,87215.68,7489.973333333332,2,6,8,2,2,8,0.0,680.77,35.622883365649685,99,19734.0,304.20281042249366,High_spent_Medium_value_payments,573.112506174297,2
0x1842,1,Scheydere,43,6,81842.28,6810.19,10,9,25,9,20,19,9.0,3053.16,39.43016630693703,99,574.0657978713467,162.58872416902926,High_spent_Medium_value_payments,194.364477959624,1
0x1843,2,Scheydere,43,6,81842.28,6810.19,10,9,25,9,20,16,9.0,3053.16,26.050884837843643,1,574.0657978713467,152.73376617951737,High_spent_Medium_value_payments,204.21943594913586,1
0x1844,3,Scheydere,43,6,81842.28,6810.19,10,9,25,9,20,19,9.0,3053.16,24.07007993001725,1,574.0657978713467,192.47311480080555,High_spent_Small_value_payments,174.48008732784763,1
0x1845,4,Scheydere,43,6,81842.28,6810.19,10,9,25,9,20,16,9.0,3053.16,27.926609653819963,1,574.0657978713467,332.91312448523337,High_spent_Small_value_payments,34.04007764341981,1
0x1847,6,Scheydere,43,6,81842.28,6810.19,10,9,25,9,20,19,11.0,3053.16,28.643128748008227,1,574.0657978713467,165.0734557930175,High_spent_Large_value_payments,181.87974633563567,1
0x1848,7,Scheydere,43,6,81842.28,6810.19,10,9,25,9,20,19,11.0,3053.16,24.557218399385608,1,574.0657978713467,201.90262132078453,Low_spent_Medium_value_payments,185.0505808078686,1
0x1849,8,Scheydere,43,6,81842.28,6810.19,10,9,25,9,20,16,11.0,3053.16,30.561750479920683,99,574.0657978713467,79.38081204748913,High_spent_Large_value_payments,267.57239008116403,1
0x184e,1,Nate Raymondj,38,8,95956.5,8279375.00,8,4,11,2,18,10,2.0,1079.73,33.77692753166114,0,95.5216287821567,0.0,High_spent_Large_value_payments,884.9056902902464,1
0x184f,2,Nate Raymondj,38,8,95956.5,8279375.00,8,4,11,2,23,10,2.0,1079.73,35.74006714971697,99,95.5216287821567,265.3115233534598,High_spent_Medium_value_payments,717.1043478643835,1
0x1850,3,Nate Raymondj,38,8,95956.5,8279375.00,8,4,11,2,23,10,2.0,1079.73,42.13760292599426,99,95.5216287821567,377.3584081424742,Low_spent_Medium_value_payments,635.0574630753691,1
0x1851,4,Nate Raymondj,38,8,95956.5,8279375.00,8,4,11,2,28,,2.0,1079.73,28.068382392311836,0,95.5216287821567,623.4087218945351,Low_spent_Medium_value_payments,389.00714932330817,2
0x1852,5,Nate Raymondj,38,8,95956.5,8279375.00,8,4,11,2,22,13,2.0,1079.73,37.20726208094325,0,95.5216287821567,517.8021721033211,High_spent_Small_value_payments,474.61369911452215,1
0x1853,6,Nate Raymondj,38,8,95956.5,8279375.00,8,4,11,2,23,,2.0,1079.73,24.978573155178623,0,95.5216287821567,761.0455290669844,Low_spent_Medium_value_payments,251.37034215085896,2
0x1854,7,Nate Raymondj,38,8,95956.5,8279375.00,8,4,11,2,23,10,2.0,1079.73,28.321914174502894,99,95.5216287821567,777.6020727296635,Low_spent_Medium_value_payments,234.81379848817986,2
0x1855,8,Nate Raymondj,38,8,95956.5,8279375.00,8,4,11,2,23,,2.0,1079.73,41.341414000106546,99,95.5216287821567,552.1106827759281,Low_spent_Large_value_payments,450.3051884419152,2
0x185a,1,Edwardk,25,10,49967.01,4091.9175,7,6,31,6,27,11,11.0,2253.95,28.875737694025297,1,156.00331166279182,66.93199534699997,High_spent_Large_value_payments,426.2564429902082,0
0x185b,2,Edwardk,25,10,49967.01,4091.9175,7,6,31,6,27,11,11.0,2253.95,23.115022183170733,1,156.00331166279182,132.28573127303278,Low_spent_Large_value_payments,390.90270706417533,0
0x185c,3,Edwardk,26,10,49967.01,4091.9175,7,6,31,6,27,11,11.0,2253.95,38.57921380799338,1,156.00331166279182,80.27846002596156,High_spent_Medium_value_payments,422.90997831124656,0
0x185d,4,Edwardk,26,10,49967.01,4091.9175,7,6,31,6,27,11,11.0,2253.95,22.84117831011114,1,156.00331166279182,373.1685163748753,Low_spent_Medium_value_payments,160.01992196233283,0
0x185e,5,Edwardk,26,10,49967.01,4091.9175,7,6,31,6,27,11,11.0,2253.95,33.912703074966714,99,156.00331166279182,192.92077129685867,High_spent_Medium_value_payments,350.2676670403495,0
0x185f,6,Edwardk,26,10,49967.01,4091.9175,6,5,31,6,27,14,11.0,2253.95,37.330340266940134,1,156.00331166279182,0.0,High_spent_Medium_value_payments,436.30891916244417,0
0x1860,7,Edwardk,26,10,49967.01,4091.9175,6,5,31,6,27,10,12.0,2253.95,33.17055464565221,1,156.00331166279182,59.495416124857464,High_spent_Medium_value_payments,443.6930222123507,0
0x1861,8,Edwardk,26,10,49967.01,4091.9175,6,5,31,6,27,11,12.0,2253.95,31.52078179699133,1,156.00331166279182,116.36129396965664,High_spent_Medium_value_payments,386.8271443675515,0
0x1866,1,Simon Jessope,14,5,39887.22,3224935.00,9,9,16,5,57,21,10.0,3119.6,30.18805936357039,1,133.47084524343262,198.9967507987873,Low_spent_Medium_value_payments,270.0259039577801,0
0x1867,2,Simon Jessope,14,5,39887.22,3224935.00,9,9,16,5,59,3104,0.0,3119.6,26.11222201204994,1,133.47084524343262,153.2707254403229,Low_spent_Medium_value_payments,295.7519293162445,0
0x1868,3,Simon Jessope,14,5,39887.22,3224935.00,9,9,16,5,57,19,14.0,3119.6,38.23896597620363,1,133.47084524343262,319.49237384558035,Low_spent_Small_value_payments,159.53028091098705,0
0x1869,4,Simon Jessope,14,5,39887.22,3224935.00,9,9,16,5,52,,14.0,3119.6,37.08960444163586,99,133.47084524343262,0.0,Low_spent_Small_value_payments,176.93147792084778,0
0x186a,5,Simon Jessope,14,5,39887.22,3224935.00,9,9,16,5,54,19,14.0,3119.6,36.970607622016786,1,133.47084524343262,96.09548178258156,High_spent_Medium_value_payments,342.9271729739859,0
0x186b,6,Simon Jessope,14,5,39887.22,3224935.00,9,9,16,5,57,18,14.0,3119.6,31.248462494345034,1,133.47084524343262,123.95986963278526,High_spent_Medium_value_payments,315.0627851237822,0
0x186c,7,Simon Jessope,14,5,39887.22,3224935.00,9,9,16,5,57,19,14.0,3119.6,24.14813227289234,1,133.47084524343262,111.66780745430752,High_spent_Small_value_payments,337.3548473022599,0
0x186d,8,Simon Jessope,14,5,39887.22,3224935.00,9,9,16,5,57,22,14.0,3119.6,34.97086572389593,99,133.47084524343262,145.9405485815745,High_spent_Small_value_payments,303.082106174993,1
0x1872,1,Kazunorit,43,5,14129.76,1012.48,8,5,21,8,62,17,6.0,4071.62,36.13729240094063,1,81.71265500803955,124.44592027470156,Low_spent_Small_value_payments,185.0894247172589,0
0x1873,2,Kazunorit,44,5,14129.76,1012.48,8,5,21,8,62,18,6.0,4071.62,28.13414922331563,99,81.71265500803955,31.286542757446078,Low_spent_Medium_value_payments,268.2488022345144,0
0x1874,3,Kazunorit,44,5,14129.76,1012.48,8,5,21,8,65,,6.0,4071.62,39.16106265120843,1,81.71265500803955,112.36144980518104,Low_spent_Small_value_payments,197.17389518677945,0
0x1875,4,Kazunorit,44,5,14129.76,1012.48,8,5,21,8,62,21,6.0,4071.62,33.11102174772385,1,81.71265500803955,24.67934850830756,High_spent_Medium_value_payments,244.8559964836529,0
0x1876,5,Kazunorit,44,5,2592822.0,1012.48,8,5,21,8,62,21,6.0,4071.62,26.42915211024237,1,81.71265500803955,0.0,Low_spent_Small_value_payments,179.10953553854617,0
0x1877,6,Kazunorit,44,5,14129.76,1012.48,8,5,21,8,62,18,6.0,4071.62,29.815213465952354,1,81.71265500803955,47.310783361453154,Low_spent_Medium_value_payments,252.2245616305073,0
0x1878,7,Kazunorit,44,5,14129.76,1012.48,8,5,21,8,64,,6.0,4071.62,37.09478338625011,1,70.97506654794734,105.30296781645771,Low_spent_Small_value_payments,204.23237717550282,0
0x1879,8,Kazunorit,44,5,14129.76,1023.2175884600923,8,5,21,8,62,18,6.0,4071.62,35.66937313879148,99,70.97506654794734,33.37622925667589,High_spent_Medium_value_payments,236.1591157352846,0
0x187e,1,Ekr,42,5,123732.32,10416.026666666667,4,3,11,0,15,8,3.0,1154.46,43.368064752029134,0,0.0,0.0,High_spent_Medium_value_payments,940.3944827695151,2
0x1880,3,Ekr,43,5,123732.32,10416.026666666667,4,3,11,0,15,8,3.0,1154.46,32.686459062049586,0,0.0,874.7145584645815,Low_spent_Medium_value_payments,446.88810820208516,1
0x1881,4,Ekr,43,5,123732.32,10416.026666666667,4,3,11,0,15,8,3.0,1154.46,38.9906346746465,0,0.0,532.1607307325081,Low_spent_Medium_value_payments,789.4419359341587,1
0x1882,5,Ekr,43,5,123732.32,10416.026666666667,4,3,11,0,15,,3.0,1154.46,36.64159184345764,0,0.0,129.18127278942734,High_spent_Medium_value_payments,1162.4213938772393,1
0x1883,6,Ekr,43,5,123732.32,10416.026666666667,4,3,11,0,15,8,3.0,1154.46,31.2419277384137,0,0.0,96.70297297216995,High_spent_Large_value_payments,1184.8996936944968,1
0x1884,7,Ekr,43,5,123732.32,10416.026666666667,4,3,11,0,18,8,3.0,1154.46,31.114765992863326,0,0.0,170.8514935058887,High_spent_Medium_value_payments,1120.751173160778,1
0x1885,8,Ekr,43,5,123732.32,10416.026666666667,4,3,11,0,15,8,0.0,1154.46,26.26810601123289,0,0.0,589.8279399082364,Low_spent_Medium_value_payments,731.7747267584301,1
0x188a,1,Herbert Lashb,36,14,17251.38,1654615.00,6,3,7,7,8,13,6.0,2431.64,29.419721825574012,1,57.35116518894053,0.0,Low_spent_Small_value_payments,273.37354013584763,1
0x188b,2,Herbert Lashb,36,14,17251.38,1654615.00,6,3,7,7,8,15,6.0,2431.64,37.2259443913206,99,57.35116518894053,26.598673984804908,High_spent_Large_value_payments,321.51166082625457,1
0x188c,3,Herbert Lashb,37,14,17251.38,1654615.00,6,3,7,7,5,12,6.0,2431.64,27.59559906416533,1,57.35116518894053,132.4439010247437,Low_spent_Large_value_payments,245.66643378631576,1
0x188d,4,Herbert Lashb,37,14,17251.38,1654615.00,6,3,7,7,10,15,6.0,2431.64,28.122693015646046,1,57.35116518894053,169.3026601007154,Low_spent_Small_value_payments,228.8076747103441,1
0x188e,5,Herbert Lashb,37,14,17251.38,1654615.00,6,3,7,7,8,15,10.0,2431.64,33.914865389507106,1,57.35116518894053,71.91051580059042,High_spent_Small_value_payments,296.19981901046907,1
0x188f,6,Herbert Lashb,37,14,17251.38,1654615.00,6,3,7,7,5,15,10.0,2431.64,32.70581750680671,1,57.35116518894053,54.07668313620942,Low_spent_Medium_value_payments,334.03365167485015,1
0x1890,7,Herbert Lashb,37,14,17251.38,1654615.00,6,3,7,7,8,15,0.0,2431.64,31.306609767869592,1,57.35116518894053,93.28420494099647,Low_spent_Small_value_payments,304.826129870063,1
0x1891,8,Herbert Lashb,37,14,17251.38,1654615.00,6,3,7,7,3,15,10.0,2431.64,32.944844211843844,1,57.35116518894053,23.472604725994863,High_spent_Large_value_payments,324.6377300850646,1
0x1896,1,Christophd,22,4,36822.29,3132.524166666666,8,7,6,4,14,19,4.0,125.25,26.612871784535198,0,81441.0,121.40837593388024,Low_spent_Small_value_payments,386.0433278085868,1
0x1897,2,Christophd,22,4,36822.29,3132.524166666666,8,7,6,4,14,19,4.0,125.25,23.33674450597847,0,95.8007129241996,259.7908044889353,Low_spent_Large_value_payments,227.6608992535318,1
0x1898,3,Christophd,23,4,36822.29,3132.524166666666,8,7,6,4,14,17,5.0,125.25,29.24844181480196,0,95.8007129241996,132.9440996466662,Low_spent_Large_value_payments,354.50760409580084,1
0x1899,4,Christophd,23,4,36822.29,3132.524166666666,8,7,6,4,14,19,5.0,125.25,35.08033049259638,0,95.8007129241996,73.93253933987151,High_spent_Large_value_payments,383.5191644025956,2
0x189a,5,Christophd,26,4,36822.29,3132.524166666666,8,7,6,4,14,19,5.0,125.25,28.310651204440585,0,95.8007129241996,114.48243642761187,High_spent_Medium_value_payments,352.9692673148552,2
0x189b,6,Christophd,23,4,36822.29,3132.524166666666,8,7,6,4,16,18,5.0,125.25,39.649801731477616,0,95.8007129241996,38.11405465744953,High_spent_Medium_value_payments,429.33764908501763,2
0x189c,7,Christophd,23,4,36822.29,3132.524166666666,8,7,6,4,14,20,5.0,125.25,34.63833718566934,0,95.8007129241996,41.5298132410376,High_spent_Medium_value_payments,425.9218905014295,2
0x189d,8,Christophd,23,4,36822.29,3132.524166666666,8,7,6,4,15,19,5.0,125.25,39.05658586366771,0,95.8007129241996,251.98341141434074,Low_spent_Medium_value_payments,245.46829232812638,2
